"spineMaxHeadDiameter","genotype","peptide"
0.394099,"Tg+","ctr"
0.572116,"Tg+","ctr"
0.378034,"Tg+","ctr"
0.508,"Tg+","ctr"
0.522318,"Tg+","ctr"
0.594866,"Tg+","ctr"
0.257031,"Tg+","ctr"
0.352676,"Tg+","ctr"
0.361407,"Tg+","ctr"
0.275588,"Tg+","ctr"
0.449782,"Tg+","ctr"
0.265438,"Tg+","ctr"
0.31207,"Tg+","ctr"
0.404004,"Tg+","ctr"
0.61264,"Tg+","ctr"
0.483134,"Tg+","ctr"
0.421228,"Tg+","ctr"
0.348623,"Tg+","ctr"
0.407333,"Tg+","ctr"
0.455813,"Tg+","ctr"
0.556339,"Tg+","ctr"
0.511914,"Tg+","ctr"
0.554713,"Tg+","ctr"
0.421228,"Tg+","ctr"
0.41054,"Tg+","ctr"
0.455135,"Tg+","ctr"
0.433687,"Tg+","ctr"
0.590176,"Tg+","ctr"
0.508,"Tg+","ctr"
0.456883,"Tg+","ctr"
0.529829,"Tg+","ctr"
0.277174,"Tg+","ctr"
0.644515,"Tg+","ctr"
0.61755,"Tg+","ctr"
0.76042,"Tg+","ctr"
0.647362,"Tg+","ctr"
0.394099,"Tg+","ctr"
0.49967,"Tg+","ctr"
0.567183,"Tg+","ctr"
0.629009,"Tg+","ctr"
0.424295,"Tg+","ctr"
0.683379,"Tg+","ctr"
0.392542,"Tg+","ctr"
0.641649,"Tg+","ctr"
0.606793,"Tg+","ctr"
0.442403,"Tg+","ctr"
0.231853,"Tg+","ctr"
0.449782,"Tg+","ctr"
0.257031,"Tg+","ctr"
0.491509,"Tg+","ctr"
0.884374,"Tg+","ctr"
0.630692,"Tg+","ctr"
0.948747,"Tg+","ctr"
0.629189,"Tg+","ctr"
0.614713,"Tg+","ctr"
0.465802,"Tg+","ctr"
0.554713,"Tg+","ctr"
0.227679,"Tg+","ctr"
0.217791,"Tg+","ctr"
0.335512,"Tg+","ctr"
0.312982,"Tg+","ctr"
0.490397,"Tg+","ctr"
0.194382,"Tg+","ctr"
0.194382,"Tg+","ctr"
0.428428,"Tg+","ctr"
0.463453,"Tg+","ctr"
0.388122,"Tg+","ctr"
0.241291,"Tg+","ctr"
0.194382,"Tg+","ctr"
0.298925,"Tg+","ctr"
0.767523,"Tg+","ctr"
0.511193,"Tg+","ctr"
0.392859,"Tg+","ctr"
0.388972,"Tg+","ctr"
0.393911,"Tg+","ctr"
0.265187,"Tg+","ctr"
0.69009,"Tg+","ctr"
0.891479,"Tg+","ctr"
0.325485,"Tg+","ctr"
0.511615,"Tg+","ctr"
0.569732,"Tg+","ctr"
0.712039,"Tg+","ctr"
0.634445,"Tg+","ctr"
0.560526,"Tg+","ctr"
0.301115,"Tg+","ctr"
0.47396,"Tg+","ctr"
0.699774,"Tg+","ctr"
0.405582,"Tg+","ctr"
0.767523,"Tg+","ctr"
0.527878,"Tg+","ctr"
0.438833,"Tg+","ctr"
0.541557,"Tg+","ctr"
0.520951,"Tg+","ctr"
0.460362,"Tg+","ctr"
0.250916,"Tg-","GluA2"
0.639956,"Tg-","GluA2"
0.443699,"Tg-","GluA2"
0.474268,"Tg-","GluA2"
0.38767,"Tg-","GluA2"
0.48906,"Tg-","GluA2"
0.369414,"Tg-","GluA2"
0.684117,"Tg-","GluA2"
0.595794,"Tg-","GluA2"
0.441271,"Tg-","GluA2"
0.52298,"Tg-","GluA2"
0.482858,"Tg-","GluA2"
0.434793,"Tg-","GluA2"
0.331271,"Tg-","GluA2"
0.480955,"Tg-","GluA2"
0.447726,"Tg-","GluA2"
0.453036,"Tg-","GluA2"
0.64402,"Tg-","GluA2"
0.74492,"Tg-","GluA2"
0.506603,"Tg-","GluA2"
0.706273,"Tg-","GluA2"
0.448059,"Tg-","GluA2"
0.509876,"Tg-","GluA2"
0.4749,"Tg-","GluA2"
0.424348,"Tg-","GluA2"
0.299908,"Tg-","GluA2"
0.55574,"Tg-","GluA2"
0.434861,"Tg-","GluA2"
0.658605,"Tg-","GluA2"
0.682055,"Tg-","GluA2"
0.574235,"Tg-","GluA2"
0.404533,"Tg-","GluA2"
0.796278,"Tg-","GluA2"
0.628806,"Tg-","GluA2"
0.732278,"Tg-","GluA2"
0.763565,"Tg-","GluA2"
0.502901,"Tg-","GluA2"
0.686486,"Tg-","GluA2"
0.543867,"Tg-","GluA2"
0.413029,"Tg-","GluA2"
0.305165,"Tg-","GluA2"
0.400313,"Tg-","GluA2"
0.512412,"Tg-","GluA2"
0.610276,"Tg-","GluA2"
0.405079,"Tg-","GluA2"
0.328323,"Tg-","GluA2"
0.470681,"Tg-","GluA2"
0.310642,"Tg-","GluA2"
0.501149,"Tg-","GluA2"
0.408167,"Tg-","GluA2"
0.470681,"Tg-","GluA2"
0.649272,"Tg-","GluA2"
0.476148,"Tg-","GluA2"
0.446233,"Tg-","GluA2"
0.403283,"Tg-","GluA2"
0.380167,"Tg-","GluA2"
0.319847,"Tg-","GluA2"
0.653123,"Tg-","GluA2"
0.353986,"Tg-","GluA2"
0.566209,"Tg-","GluA2"
0.366497,"Tg-","GluA2"
0.507496,"Tg-","GluA2"
0.336651,"Tg-","GluA2"
0.49111,"Tg-","GluA2"
0.382407,"Tg-","GluA2"
0.501149,"Tg-","GluA2"
0.210841,"Tg-","GluA2"
0.712702,"Tg-","GluA2"
0.449466,"Tg-","GluA2"
0.60829,"Tg-","GluA2"
0.598478,"Tg-","GluA2"
0.573727,"Tg-","GluA2"
0.690721,"Tg-","GluA2"
0.342612,"Tg-","GluA2"
0.662272,"Tg-","GluA2"
0.729552,"Tg-","GluA2"
0.528613,"Tg-","GluA2"
0.655079,"Tg-","GluA2"
0.60962,"Tg-","GluA2"
0.718307,"Tg-","GluA2"
0.592889,"Tg-","GluA2"
0.416934,"Tg-","GluA2"
0.554961,"Tg-","GluA2"
0.862305,"Tg-","GluA2"
0.642942,"Tg-","GluA2"
0.619774,"Tg-","GluA2"
0.795206,"Tg-","GluA2"
0.598478,"Tg-","GluA2"
0.431393,"Tg-","GluA2"
0.449466,"Tg-","GluA2"
0.626537,"Tg-","GluA2"
0.416895,"Tg-","GluA2"
0.758878,"Tg-","GluA2"
0.741422,"Tg-","GluA2"
0.786937,"Tg-","GluA2"
0.72794,"Tg-","GluA2"
0.927904,"Tg-","GluA2"
0.671961,"Tg-","GluA2"
0.902848,"Tg-","GluA2"
0.727612,"Tg-","GluA2"
0.610046,"Tg-","GluA2"
0.712702,"Tg-","GluA2"
0.680819,"Tg-","GluA2"
0.758537,"Tg-","GluA2"
0.715885,"Tg-","GluA2"
0.861958,"Tg-","GluA2"
0.667574,"Tg-","GluA2"
0.560035,"Tg-","GluA2"
0.931967,"Tg-","GluA2"
0.667049,"Tg-","GluA2"
0.281508,"Tg-","GluA2"
0.737573,"Tg-","GluA2"
0.630419,"Tg-","GluA2"
0.621758,"Tg-","GluA2"
0.490885,"Tg-","GluA2"
0.619049,"Tg-","GluA2"
0.400542,"Tg-","GluA2"
0.895941,"Tg-","GluA2"
0.650663,"Tg-","GluA2"
0.539284,"Tg-","GluA2"
0.782247,"Tg-","GluA2"
0.486249,"Tg-","GluA2"
0.366787,"Tg-","GluA2"
0.762032,"Tg-","GluA2"
0.381523,"Tg-","GluA2"
0.606896,"Tg-","GluA2"
0.302953,"Tg-","GluA2"
0.48499,"Tg-","GluA2"
0.528688,"Tg-","GluA2"
0.453229,"Tg-","GluA2"
0.743929,"Tg-","GluA2"
0.871926,"Tg-","GluA2"
0.801246,"Tg-","GluA2"
0.802626,"Tg-","GluA2"
0.432987,"Tg-","GluA2"
0.432774,"Tg-","GluA2"
0.718401,"Tg-","GluA2"
0.719746,"Tg-","GluA2"
0.931967,"Tg-","GluA2"
0.535287,"Tg-","GluA2"
0.596163,"Tg-","GluA2"
0.602445,"Tg-","GluA2"
0.849012,"Tg-","GluA2"
0.666323,"Tg-","GluA2"
0.525827,"Tg-","GluA2"
0.371688,"Tg-","GluA2"
0.616611,"Tg-","GluA2"
0.774973,"Tg-","GluA2"
0.338479,"Tg-","GluA2"
0.77577,"Tg-","GluA2"
0.668772,"Tg-","GluA2"
0.51931,"Tg-","GluA2"
0.522925,"Tg-","GluA2"
0.688053,"Tg-","GluA2"
0.376493,"Tg-","GluA2"
0.340639,"Tg-","GluA2"
0.737573,"Tg-","GluA2"
0.645081,"Tg-","GluA2"
0.50505,"Tg-","GluA2"
0.572582,"Tg-","GluA2"
0.594675,"Tg-","GluA2"
0.71965,"Tg-","GluA2"
0.444,"Tg-","GluA2"
0.684284,"Tg-","GluA2"
0.494929,"Tg-","GluA2"
0.764706,"Tg-","GluA2"
0.589466,"Tg-","GluA2"
0.481902,"Tg-","GluA2"
0.676426,"Tg-","GluA2"
0.7701,"Tg-","GluA2"
0.38807,"Tg-","GluA2"
0.475567,"Tg-","GluA2"
0.521963,"Tg-","GluA2"
0.221618,"Tg-","GluA2"
0.424246,"Tg-","GluA2"
0.728748,"Tg-","GluA2"
0.494929,"Tg-","GluA2"
0.669435,"Tg-","GluA2"
0.478818,"Tg-","GluA2"
0.670816,"Tg-","GluA2"
0.578004,"Tg-","GluA2"
0.194817,"Tg-","GluA2"
0.429243,"Tg-","GluA2"
0.928292,"Tg-","GluA2"
0.678715,"Tg-","GluA2"
0.30846,"Tg-","GluA2"
0.654577,"Tg-","GluA2"
0.71883,"Tg-","GluA2"
0.880787,"Tg-","GluA2"
0.697465,"Tg-","GluA2"
0.677432,"Tg-","GluA2"
0.870668,"Tg-","GluA2"
0.703628,"Tg-","GluA2"
0.508121,"Tg-","GluA2"
1.02062,"Tg-","GluA2"
0.642286,"Tg-","GluA2"
0.584168,"Tg-","GluA2"
0.737985,"Tg-","GluA2"
0.58406,"Tg-","GluA2"
0.474375,"Tg-","GluA2"
0.555763,"Tg-","GluA2"
0.741465,"Tg-","GluA2"
0.578004,"Tg-","GluA2"
0.821462,"Tg-","GluA2"
0.673782,"Tg-","GluA2"
0.721049,"Tg-","GluA2"
0.807804,"Tg-","GluA2"
0.573201,"Tg-","GluA2"
0.806771,"Tg-","GluA2"
0.662598,"Tg-","GluA2"
0.467393,"Tg-","GluA2"
0.806494,"Tg-","GluA2"
0.599193,"Tg-","GluA2"
0.42697,"Tg-","GluA2"
0.473923,"Tg-","GluA2"
0.522371,"Tg-","GluA2"
0.440361,"Tg-","GluA2"
0.439294,"Tg-","GluA2"
0.873936,"Tg-","GluA2"
0.789456,"Tg-","GluA2"
0.643401,"Tg-","GluA2"
0.628212,"Tg-","GluA2"
0.328244,"Tg-","GluA2"
0.357733,"Tg-","GluA2"
0.502158,"Tg-","GluA2"
0.356254,"Tg-","GluA2"
0.479654,"Tg-","GluA2"
0.534145,"Tg-","GluA2"
0.558673,"Tg-","GluA2"
0.36238,"Tg-","GluA2"
0.549301,"Tg-","GluA2"
0.523689,"Tg-","GluA2"
0.365945,"Tg-","GluA2"
0.350322,"Tg-","GluA2"
0.479654,"Tg-","GluA2"
0.424882,"Tg-","GluA2"
0.479654,"Tg-","GluA2"
0.558273,"Tg-","GluA2"
0.597629,"Tg-","GluA2"
0.5864,"Tg-","GluA2"
0.709724,"Tg-","GluA2"
0.554566,"Tg-","GluA2"
0.889094,"Tg-","GluA2"
0.440361,"Tg-","GluA2"
0.627723,"Tg-","GluA2"
0.590438,"Tg-","GluA2"
0.539242,"Tg-","GluA2"
0.509695,"Tg-","GluA2"
0.517531,"Tg-","GluA2"
0.461299,"Tg-","GluA2"
0.529628,"Tg-","GluA2"
0.597629,"Tg-","GluA2"
0.593516,"Tg-","GluA2"
0.615748,"Tg-","GluA2"
0.827974,"Tg-","GluA2"
0.522371,"Tg-","GluA2"
0.653777,"Tg-","GluA2"
0.465041,"Tg-","GluA2"
0.405351,"Tg-","GluA2"
0.392151,"Tg-","GluA2"
0.468109,"Tg-","GluA2"
0.289776,"Tg-","GluA2"
0.225043,"Tg-","GluA2"
0.357979,"Tg-","GluA2"
0.786218,"Tg-","GluA2"
0.6333,"Tg-","GluA2"
0.551935,"Tg-","GluA2"
0.194382,"Tg-","GluA2"
0.421468,"Tg-","GluA2"
0.275355,"Tg-","GluA2"
0.346518,"Tg-","GluA2"
0.431958,"Tg-","GluA2"
0.254284,"Tg-","GluA2"
0.799399,"Tg-","GluA2"
0.433207,"Tg-","GluA2"
0.374484,"Tg-","GluA2"
0.344839,"Tg-","GluA2"
0.553982,"Tg-","GluA2"
0.623649,"Tg-","GluA2"
0.777228,"Tg-","GluA2"
0.465041,"Tg-","GluA2"
0.491022,"Tg-","GluA2"
0.433232,"Tg-","GluA2"
0.718189,"Tg-","GluA2"
0.553982,"Tg-","GluA2"
0.394935,"Tg-","GluA2"
0.588513,"Tg-","GluA2"
0.31382,"Tg-","GluA2"
0.421697,"Tg-","GluA2"
0.319838,"Tg-","GluA2"
0.268403,"Tg-","GluA2"
0.646335,"Tg-","GluA2"
0.435977,"Tg-","GluA2"
0.387258,"Tg-","GluA2"
0.45362,"Tg-","GluA2"
0.37258,"Tg-","GluA2"
0.651705,"Tg-","GluA2"
0.657656,"Tg-","GluA2"
0.351913,"Tg-","GluA2"
0.207742,"Tg-","GluA2"
0.603344,"Tg-","GluA2"
0.651705,"Tg-","GluA2"
0.647178,"Tg-","GluA2"
0.553982,"Tg-","GluA2"
0.563211,"Tg-","GluA2"
0.357165,"Tg-","GluA2"
0.793589,"Tg-","GluA2"
0.580327,"Tg-","GluA2"
0.340234,"Tg-","GluA2"
0.264356,"Tg-","GluA2"
0.864565,"Tg-","GluA2"
0.533604,"Tg-","GluA2"
0.343213,"Tg-","GluA2"
0.410605,"Tg-","GluA2"
0.424187,"Tg-","GluA2"
0.505726,"Tg-","GluA2"
0.718189,"Tg-","GluA2"
0.417821,"Tg-","GluA2"
0.468206,"Tg-","GluA2"
0.389946,"Tg-","GluA2"
0.474006,"Tg-","GluA2"
0.561604,"Tg-","GluA2"
0.326025,"Tg-","GluA2"
0.334576,"Tg-","GluA2"
0.519891,"Tg-","GluA2"
0.641377,"Tg-","GluA2"
0.60241,"Tg-","GluA2"
0.397321,"Tg-","GluA2"
0.371124,"Tg-","GluA2"
0.615368,"Tg-","GluA2"
0.317112,"Tg-","GluA2"
0.401166,"Tg-","GluA2"
0.638333,"Tg-","GluA2"
0.292861,"Tg-","GluA2"
0.640108,"Tg-","GluA2"
0.587067,"Tg-","GluA2"
0.519399,"Tg-","GluA2"
0.469106,"Tg-","GluA2"
0.576965,"Tg-","GluA2"
0.431706,"Tg-","GluA2"
0.638333,"Tg-","GluA2"
0.490043,"Tg-","GluA2"
0.40868,"Tg-","GluA2"
0.556126,"Tg-","GluA2"
0.362311,"Tg-","GluA2"
0.433275,"Tg-","GluA2"
0.64941,"Tg-","GluA2"
0.303792,"Tg-","GluA2"
0.41071,"Tg-","GluA2"
0.609587,"Tg-","GluA2"
0.501774,"Tg-","GluA2"
0.510763,"Tg-","GluA2"
0.435167,"Tg-","GluA2"
0.355613,"Tg-","GluA2"
0.334576,"Tg-","GluA2"
0.506558,"Tg-","GluA2"
0.479379,"Tg-","GluA2"
0.554344,"Tg-","GluA2"
0.584514,"Tg-","GluA2"
0.670598,"Tg-","GluA2"
0.69663,"Tg-","GluA2"
0.704926,"Tg-","GluA2"
0.677653,"Tg-","GluA2"
0.706383,"Tg-","GluA2"
0.663383,"Tg-","GluA2"
0.428165,"Tg-","GluA2"
0.643296,"Tg-","GluA2"
0.301451,"Tg-","GluA2"
0.66259,"Tg-","GluA2"
0.488395,"Tg-","GluA2"
0.429894,"Tg-","GluA2"
0.428345,"Tg-","GluA2"
0.597825,"Tg-","GluA2"
0.483491,"Tg-","GluA2"
0.416283,"Tg-","GluA2"
0.599164,"Tg-","GluA2"
0.435852,"Tg-","GluA2"
0.665293,"Tg-","GluA2"
0.572572,"Tg-","GluA2"
0.568522,"Tg-","GluA2"
0.383339,"Tg-","GluA2"
0.432913,"Tg-","GluA2"
0.560101,"Tg-","GluA2"
0.586466,"Tg-","GluA2"
0.551394,"Tg-","GluA2"
0.48209,"Tg-","GluA2"
0.376077,"Tg-","GluA2"
0.741393,"Tg-","GluA2"
0.597254,"Tg-","GluA2"
0.497272,"Tg-","GluA2"
0.524965,"Tg-","GluA2"
0.565332,"Tg-","GluA2"
0.499961,"Tg-","GluA2"
0.535934,"Tg-","GluA2"
0.384019,"Tg-","GluA2"
0.582821,"Tg-","GluA2"
0.482683,"Tg-","GluA2"
0.527368,"Tg-","GluA2"
0.569764,"Tg-","GluA2"
0.580313,"Tg-","GluA2"
0.468439,"Tg-","GluA2"
0.580654,"Tg-","GluA2"
0.528095,"Tg-","GluA2"
0.497272,"Tg-","GluA2"
0.472974,"Tg-","GluA2"
0.561173,"Tg-","GluA2"
0.308262,"Tg-","GluA2"
0.534644,"Tg-","GluA2"
0.42859,"Tg-","GluA2"
0.438962,"Tg-","GluA2"
0.590277,"Tg-","GluA2"
0.32285,"Tg-","GluA2"
0.49949,"Tg-","GluA2"
0.576776,"Tg-","GluA2"
0.587319,"Tg-","GluA2"
0.543129,"Tg-","GluA2"
0.434567,"Tg-","GluA2"
0.362959,"Tg-","GluA2"
0.445497,"Tg-","GluA2"
0.527079,"Tg-","GluA2"
0.661928,"Tg-","GluA2"
0.718843,"Tg-","GluA2"
0.585704,"Tg-","GluA2"
0.369352,"Tg-","GluA2"
0.437449,"Tg-","GluA2"
0.731506,"Tg-","GluA2"
0.384531,"Tg-","GluA2"
0.506323,"Tg-","GluA2"
0.471175,"Tg-","GluA2"
0.463647,"Tg-","GluA2"
0.348062,"Tg-","GluA2"
0.425647,"Tg-","GluA2"
0.360825,"Tg-","GluA2"
0.381052,"Tg-","GluA2"
0.430179,"Tg-","GluA2"
0.319899,"Tg-","GluA2"
0.439919,"Tg-","GluA2"
0.318149,"Tg-","GluA2"
0.441865,"Tg-","GluA2"
0.457776,"Tg-","GluA2"
0.364416,"Tg-","GluA2"
0.664104,"Tg-","GluA2"
0.548824,"Tg-","GluA2"
0.369663,"Tg-","GluA2"
0.360935,"Tg-","GluA2"
0.751906,"Tg-","GluA2"
0.513033,"Tg-","GluA2"
0.550207,"Tg-","GluA2"
0.691534,"Tg-","GluA2"
0.490567,"Tg-","GluA2"
0.417706,"Tg-","GluA2"
0.261877,"Tg-","GluA2"
0.347196,"Tg-","GluA2"
0.584353,"Tg-","GluA2"
0.64609,"Tg-","GluA2"
0.699035,"Tg-","GluA2"
0.435864,"Tg-","GluA2"
0.31934,"Tg-","GluA2"
0.538139,"Tg-","GluA2"
0.315402,"Tg-","GluA2"
0.471175,"Tg-","GluA2"
0.574394,"Tg-","GluA2"
0.366788,"Tg-","GluA2"
0.587801,"Tg-","GluA2"
0.606641,"Tg-","GluA2"
0.421839,"Tg-","GluA2"
0.561714,"Tg-","GluA2"
0.379838,"Tg-","GluA2"
0.48522,"Tg-","GluA2"
0.382567,"Tg-","GluA2"
0.519742,"Tg-","GluA2"
0.499275,"Tg-","GluA2"
0.35612,"Tg-","GluA2"
0.515828,"Tg-","GluA2"
0.518456,"Tg-","GluA2"
0.408366,"Tg-","GluA2"
0.313104,"Tg-","GluA2"
0.517464,"Tg-","GluA2"
0.482919,"Tg-","GluA2"
0.468382,"Tg-","GluA2"
0.371558,"Tg-","GluA2"
0.418286,"Tg-","GluA2"
0.462087,"Tg-","GluA2"
0.440425,"Tg-","GluA2"
0.433297,"Tg-","GluA2"
0.581358,"Tg-","GluA2"
0.434558,"Tg-","GluA2"
0.527243,"Tg-","GluA2"
0.632873,"Tg-","GluA2"
0.410958,"Tg-","GluA2"
0.329441,"Tg-","GluA2"
0.367179,"Tg-","GluA2"
0.526597,"Tg-","GluA2"
0.423344,"Tg-","GluA2"
0.368414,"Tg-","GluA2"
0.32075,"Tg-","GluA2"
0.432667,"Tg-","GluA2"
0.399505,"Tg-","GluA2"
0.517218,"Tg-","GluA2"
0.48675,"Tg-","GluA2"
0.418028,"Tg-","GluA2"
0.443995,"Tg-","GluA2"
0.509017,"Tg-","GluA2"
0.430225,"Tg-","GluA2"
0.494401,"Tg-","GluA2"
0.465193,"Tg-","GluA2"
0.459437,"Tg-","GluA2"
0.413849,"Tg-","GluA2"
0.554894,"Tg-","GluA2"
0.381745,"Tg-","GluA2"
0.425107,"Tg-","GluA2"
0.409446,"Tg-","GluA2"
0.532938,"Tg-","GluA2"
0.31719,"Tg-","GluA2"
0.417715,"Tg-","GluA2"
0.304181,"Tg-","GluA2"
0.397421,"Tg+","GluA2"
0.486467,"Tg+","GluA2"
0.510187,"Tg+","GluA2"
0.623395,"Tg+","GluA2"
0.210932,"Tg+","GluA2"
0.525007,"Tg+","GluA2"
0.540685,"Tg+","GluA2"
0.233532,"Tg+","GluA2"
0.550838,"Tg+","GluA2"
0.435633,"Tg+","GluA2"
0.671789,"Tg+","GluA2"
0.494809,"Tg+","GluA2"
0.594012,"Tg+","GluA2"
0.425992,"Tg+","GluA2"
0.659833,"Tg+","GluA2"
0.538643,"Tg+","GluA2"
0.303358,"Tg+","GluA2"
0.507622,"Tg+","GluA2"
0.442792,"Tg+","GluA2"
0.442065,"Tg+","GluA2"
0.311722,"Tg+","GluA2"
0.493647,"Tg+","GluA2"
0.452233,"Tg+","GluA2"
0.62701,"Tg+","GluA2"
0.547186,"Tg+","GluA2"
0.540685,"Tg+","GluA2"
0.47919,"Tg+","GluA2"
0.39097,"Tg+","GluA2"
0.320511,"Tg+","GluA2"
0.478155,"Tg+","GluA2"
0.377232,"Tg+","GluA2"
0.556184,"Tg+","GluA2"
0.467897,"Tg+","GluA2"
0.517034,"Tg+","GluA2"
0.491024,"Tg+","GluA2"
0.392264,"Tg+","GluA2"
0.44139,"Tg+","GluA2"
0.516073,"Tg+","GluA2"
0.574656,"Tg+","GluA2"
0.596937,"Tg+","GluA2"
0.525007,"Tg+","GluA2"
0.521514,"Tg+","GluA2"
0.63193,"Tg+","GluA2"
0.644379,"Tg+","GluA2"
0.645059,"Tg+","GluA2"
0.525749,"Tg+","GluA2"
0.534891,"Tg+","GluA2"
0.516895,"Tg+","GluA2"
0.467431,"Tg+","GluA2"
0.65049,"Tg+","GluA2"
0.266935,"Tg+","GluA2"
0.554218,"Tg+","GluA2"
0.419864,"Tg+","GluA2"
0.333806,"Tg+","GluA2"
0.411475,"Tg+","GluA2"
0.478536,"Tg+","GluA2"
0.393939,"Tg+","GluA2"
0.364832,"Tg+","GluA2"
0.371023,"Tg+","GluA2"
0.405723,"Tg+","GluA2"
0.298782,"Tg+","GluA2"
0.228194,"Tg+","GluA2"
0.339471,"Tg+","GluA2"
0.526045,"Tg+","GluA2"
0.521318,"Tg+","GluA2"
0.365983,"Tg+","GluA2"
0.411475,"Tg+","GluA2"
0.642735,"Tg+","GluA2"
0.403826,"Tg+","GluA2"
0.4547,"Tg+","GluA2"
0.41096,"Tg+","GluA2"
0.484337,"Tg+","GluA2"
0.478733,"Tg+","GluA2"
0.431968,"Tg+","GluA2"
0.323902,"Tg+","GluA2"
0.6454,"Tg+","GluA2"
0.468434,"Tg+","GluA2"
0.387797,"Tg+","GluA2"
0.390483,"Tg+","GluA2"
0.483899,"Tg+","GluA2"
0.412134,"Tg+","GluA2"
0.316089,"Tg+","GluA2"
0.462606,"Tg+","GluA2"
0.382283,"Tg+","GluA2"
0.49543,"Tg+","GluA2"
0.315743,"Tg+","GluA2"
0.395679,"Tg+","GluA2"
0.389941,"Tg+","GluA2"
0.477181,"Tg+","GluA2"
0.394331,"Tg+","GluA2"
0.458237,"Tg+","GluA2"
0.387573,"Tg+","GluA2"
0.465384,"Tg+","GluA2"
0.542087,"Tg+","GluA2"
0.358282,"Tg+","GluA2"
0.500682,"Tg+","GluA2"
0.435005,"Tg+","GluA2"
0.587884,"Tg+","GluA2"
0.352843,"Tg+","GluA2"
0.414122,"Tg+","GluA2"
0.510427,"Tg+","GluA2"
0.269596,"Tg+","GluA2"
0.423161,"Tg+","GluA2"
0.421289,"Tg+","GluA2"
0.389237,"Tg+","GluA2"
0.268481,"Tg+","GluA2"
0.378679,"Tg+","GluA2"
0.360722,"Tg+","GluA2"
0.41485,"Tg+","GluA2"
0.43001,"Tg+","GluA2"
0.511482,"Tg+","GluA2"
0.564285,"Tg+","GluA2"
0.5766,"Tg+","GluA2"
0.507927,"Tg+","GluA2"
0.456406,"Tg+","GluA2"
0.519731,"Tg+","GluA2"
0.696358,"Tg+","GluA2"
0.534781,"Tg+","GluA2"
0.607583,"Tg+","GluA2"
0.667395,"Tg+","GluA2"
0.564251,"Tg+","GluA2"
0.433391,"Tg+","GluA2"
0.295928,"Tg+","GluA2"
0.520147,"Tg+","GluA2"
0.594598,"Tg+","GluA2"
0.422518,"Tg+","GluA2"
0.480251,"Tg+","GluA2"
0.480251,"Tg+","GluA2"
0.631863,"Tg+","GluA2"
0.495183,"Tg+","GluA2"
0.611546,"Tg+","GluA2"
0.578743,"Tg+","GluA2"
0.611664,"Tg+","GluA2"
0.437492,"Tg+","GluA2"
0.524049,"Tg+","GluA2"
0.631863,"Tg+","GluA2"
0.498394,"Tg+","GluA2"
0.378377,"Tg+","GluA2"
0.690806,"Tg+","GluA2"
0.573994,"Tg+","GluA2"
0.290361,"Tg+","GluA2"
0.411889,"Tg+","GluA2"
0.612608,"Tg+","GluA2"
0.696358,"Tg+","GluA2"
0.667395,"Tg+","GluA2"
0.523348,"Tg+","GluA2"
0.523502,"Tg+","GluA2"
0.485379,"Tg+","GluA2"
0.552362,"Tg+","GluA2"
0.578743,"Tg+","GluA2"
0.244778,"Tg+","GluA2"
0.487745,"Tg+","GluA2"
0.576442,"Tg+","GluA2"
0.65488,"Tg+","GluA2"
0.55198,"Tg+","GluA2"
0.466642,"Tg+","GluA2"
0.599247,"Tg+","GluA2"
0.502438,"Tg+","GluA2"
0.609281,"Tg+","GluA2"
0.443699,"Tg+","GluA2"
0.489129,"Tg+","GluA2"
0.598622,"Tg+","GluA2"
0.608962,"Tg+","GluA2"
0.560344,"Tg+","GluA2"
0.485081,"Tg+","GluA2"
0.573794,"Tg+","GluA2"
0.444351,"Tg+","GluA2"
0.52387,"Tg+","GluA2"
0.420531,"Tg+","GluA2"
0.52404,"Tg+","GluA2"
0.386681,"Tg+","GluA2"
0.472241,"Tg+","GluA2"
0.618994,"Tg+","GluA2"
0.478566,"Tg+","GluA2"
0.541132,"Tg+","GluA2"
0.383222,"Tg+","GluA2"
0.463083,"Tg+","GluA2"
0.577801,"Tg+","GluA2"
0.469482,"Tg+","GluA2"
0.795568,"Tg+","GluA2"
0.589957,"Tg+","GluA2"
0.783575,"Tg+","GluA2"
0.615596,"Tg+","GluA2"
0.586563,"Tg+","GluA2"
0.77795,"Tg+","GluA2"
0.676409,"Tg+","GluA2"
0.72791,"Tg+","GluA2"
0.763092,"Tg+","GluA2"
0.613984,"Tg+","GluA2"
0.557479,"Tg+","GluA2"
0.403626,"Tg+","GluA2"
0.37118,"Tg+","GluA2"
0.723248,"Tg+","GluA2"
0.52038,"Tg+","GluA2"
0.675896,"Tg+","GluA2"
0.579326,"Tg+","GluA2"
0.609393,"Tg+","GluA2"
0.35025,"Tg+","GluA2"
0.602095,"Tg+","GluA2"
0.760811,"Tg+","GluA2"
0.73887,"Tg+","GluA2"
0.620218,"Tg+","GluA2"
0.507371,"Tg+","GluA2"
0.583768,"Tg+","GluA2"
0.613854,"Tg+","GluA2"
0.583374,"Tg+","GluA2"
0.562442,"Tg+","GluA2"
0.444141,"Tg+","GluA2"
0.380706,"Tg+","GluA2"
0.673965,"Tg+","GluA2"
0.43638,"Tg+","GluA2"
0.49595,"Tg+","GluA2"
0.387536,"Tg+","GluA2"
0.663136,"Tg+","GluA2"
0.557028,"Tg+","GluA2"
0.698317,"Tg+","GluA2"
0.59938,"Tg+","GluA2"
0.524433,"Tg+","GluA2"
0.621672,"Tg+","GluA2"
0.431469,"Tg+","GluA2"
0.692494,"Tg+","GluA2"
0.747516,"Tg+","GluA2"
0.579161,"Tg+","GluA2"
0.452446,"Tg+","GluA2"
0.420711,"Tg+","GluA2"
0.540934,"Tg+","GluA2"
0.505898,"Tg+","GluA2"
0.489674,"Tg+","GluA2"
0.524375,"Tg+","GluA2"
0.546245,"Tg+","GluA2"
0.637801,"Tg+","GluA2"
0.592458,"Tg+","GluA2"
0.581211,"Tg+","GluA2"
0.525813,"Tg+","GluA2"
0.586587,"Tg+","GluA2"
0.416216,"Tg+","GluA2"
0.62102,"Tg+","GluA2"
0.595227,"Tg+","GluA2"
0.699246,"Tg+","GluA2"
0.396123,"Tg+","GluA2"
0.524575,"Tg+","GluA2"
0.74321,"Tg+","GluA2"
0.786336,"Tg+","GluA2"
0.734757,"Tg+","GluA2"
0.495166,"Tg+","GluA2"
0.501161,"Tg+","GluA2"
0.57993,"Tg+","GluA2"
0.554572,"Tg+","GluA2"
0.601779,"Tg+","GluA2"
0.576126,"Tg+","GluA2"
0.496015,"Tg+","GluA2"
0.82506,"Tg+","GluA2"
0.654384,"Tg+","GluA2"
0.565624,"Tg+","GluA2"
0.668898,"Tg+","GluA2"
0.566833,"Tg+","GluA2"
0.695169,"Tg+","GluA2"
0.74321,"Tg+","GluA2"
0.556886,"Tg+","GluA2"
0.706573,"Tg+","GluA2"
0.648106,"Tg+","GluA2"
0.668962,"Tg+","GluA2"
0.661105,"Tg+","GluA2"
0.693156,"Tg+","GluA2"
0.474663,"Tg+","GluA2"
0.406568,"Tg+","GluA2"
0.54923,"Tg+","GluA2"
0.507749,"Tg+","GluA2"
0.794049,"Tg+","GluA2"
0.475938,"Tg+","GluA2"
0.570554,"Tg+","GluA2"
0.597184,"Tg+","GluA2"
0.63168,"Tg+","GluA2"
0.549061,"Tg+","GluA2"
0.587496,"Tg+","GluA2"
0.744833,"Tg+","GluA2"
0.524401,"Tg+","GluA2"
0.636803,"Tg+","GluA2"
0.641219,"Tg+","GluA2"
0.528785,"Tg+","GluA2"
0.63299,"Tg+","GluA2"
0.584357,"Tg+","GluA2"
0.740002,"Tg+","GluA2"
0.519329,"Tg+","GluA2"
0.539424,"Tg+","GluA2"
0.653139,"Tg+","GluA2"
0.63526,"Tg+","GluA2"
0.657023,"Tg+","GluA2"
0.54484,"Tg+","GluA2"
0.666304,"Tg+","GluA2"
0.552319,"Tg+","GluA2"
0.621543,"Tg+","GluA2"
0.745618,"Tg+","GluA2"
0.542544,"Tg+","GluA2"
0.712919,"Tg+","GluA2"
0.429421,"Tg+","GluA2"
0.65783,"Tg+","GluA2"
0.507844,"Tg+","GluA2"
0.527066,"Tg+","GluA2"
0.529761,"Tg+","GluA2"
0.533326,"Tg+","GluA2"
0.507844,"Tg+","GluA2"
0.439959,"Tg+","GluA2"
0.445233,"Tg+","GluA2"
0.454462,"Tg+","GluA2"
0.464657,"Tg+","GluA2"
0.259475,"Tg+","GluA2"
0.439959,"Tg+","GluA2"
0.658976,"Tg+","GluA2"
0.479475,"Tg+","GluA2"
0.573314,"Tg+","GluA2"
0.583952,"Tg+","GluA2"
0.448836,"Tg+","GluA2"
0.640505,"Tg+","GluA2"
0.509039,"Tg+","GluA2"
0.661723,"Tg+","GluA2"
0.428563,"Tg+","GluA2"
0.506223,"Tg+","GluA2"
0.405503,"Tg+","GluA2"
0.617235,"Tg+","GluA2"
0.51703,"Tg+","GluA2"
0.572447,"Tg+","GluA2"
0.527066,"Tg+","GluA2"
0.394783,"Tg+","GluA2"
0.275314,"Tg+","GluA2"
0.651462,"Tg+","GluA2"
0.540086,"Tg+","GluA2"
0.583735,"Tg+","GluA2"
0.707713,"Tg+","GluA2"
0.500869,"Tg+","GluA2"
0.519471,"Tg+","GluA2"
0.497498,"Tg+","GluA2"
0.513355,"Tg+","GluA2"
0.470538,"Tg+","GluA2"
0.45802,"Tg+","GluA2"
0.512574,"Tg+","GluA2"
0.443441,"Tg+","GluA2"
0.55495,"Tg+","GluA2"
0.252428,"Tg+","GluA2"
0.432131,"Tg+","GluA2"
0.492271,"Tg+","GluA2"
0.685033,"Tg+","GluA2"
0.339762,"Tg+","GluA2"
0.668385,"Tg+","GluA2"
0.665558,"Tg+","GluA2"
0.581417,"Tg+","GluA2"
0.659468,"Tg+","GluA2"
0.690065,"Tg+","GluA2"
0.562001,"Tg+","GluA2"
0.37343,"Tg+","GluA2"
0.431201,"Tg+","GluA2"
0.588004,"Tg+","GluA2"
0.474575,"Tg+","GluA2"
0.386582,"Tg+","GluA2"
0.455718,"Tg+","GluA2"
0.474002,"Tg+","GluA2"
0.540394,"Tg+","GluA2"
0.423366,"Tg+","GluA2"
0.706797,"Tg+","GluA2"
0.596903,"Tg+","GluA2"
0.555259,"Tg+","GluA2"
0.68005,"Tg+","GluA2"
0.542741,"Tg+","GluA2"
0.664823,"Tg+","GluA2"
0.605178,"Tg+","GluA2"
0.545584,"Tg+","GluA2"
0.431005,"Tg+","GluA2"
0.357929,"Tg+","GluA2"
0.638938,"Tg+","GluA2"
0.554453,"Tg+","GluA2"
0.497674,"Tg+","GluA2"
0.524529,"Tg+","GluA2"
0.674273,"Tg+","GluA2"
0.486848,"Tg+","GluA2"
0.549901,"Tg+","GluA2"
0.507781,"Tg+","GluA2"
0.703488,"Tg+","GluA2"
0.75065,"Tg+","GluA2"
0.588693,"Tg+","GluA2"
0.472992,"Tg+","GluA2"
0.680118,"Tg+","GluA2"
0.639066,"Tg+","GluA2"
0.521552,"Tg+","GluA2"
0.600242,"Tg+","GluA2"
0.371149,"Tg+","GluA2"
0.496732,"Tg+","GluA2"
0.590637,"Tg+","GluA2"
0.660015,"Tg+","GluA2"
0.373874,"Tg+","GluA2"
0.571155,"Tg+","GluA2"
0.31911,"Tg+","GluA2"
0.63622,"Tg+","GluA2"
0.397797,"Tg+","GluA2"
0.333887,"Tg+","GluA2"
0.318216,"Tg+","GluA2"
0.322201,"Tg+","GluA2"
0.523689,"Tg+","GluA2"
0.741135,"Tg+","GluA2"
0.520868,"Tg+","GluA2"
0.573728,"Tg+","GluA2"
0.565793,"Tg+","GluA2"
0.318127,"Tg+","GluA2"
0.625633,"Tg+","GluA2"
0.772287,"Tg+","GluA2"
0.571347,"Tg+","GluA2"
0.691322,"Tg+","GluA2"
0.575822,"Tg+","GluA2"
0.647818,"Tg+","GluA2"
0.676029,"Tg+","GluA2"
0.553597,"Tg+","GluA2"
0.492126,"Tg+","GluA2"
0.662309,"Tg+","GluA2"
0.555914,"Tg+","GluA2"
0.673983,"Tg+","GluA2"
0.567254,"Tg+","GluA2"
0.340534,"Tg+","GluA2"
0.490209,"Tg+","GluA2"
0.528839,"Tg+","GluA2"
0.573728,"Tg+","GluA2"
0.528822,"Tg+","GluA2"
0.393667,"Tg+","GluA2"
0.477244,"Tg+","GluA2"
0.42156,"Tg+","GluA2"
0.518472,"Tg+","GluA2"
0.542671,"Tg+","GluA2"
0.469447,"Tg+","GluA2"
0.544246,"Tg+","GluA2"
0.289312,"Tg+","GluA2"
0.482447,"Tg+","GluA2"
0.51813,"Tg+","GluA2"
0.532687,"Tg+","GluA2"
0.446087,"Tg+","GluA2"
0.468283,"Tg+","GluA2"
0.317158,"Tg+","GluA2"
0.421051,"Tg+","GluA2"
0.527985,"Tg+","GluA2"
0.5049,"Tg+","GluA2"
0.436703,"Tg+","GluA2"
0.274024,"Tg+","GluA2"
0.553166,"Tg+","GluA2"
0.395674,"Tg+","GluA2"
0.375033,"Tg+","GluA2"
0.414202,"Tg+","GluA2"
0.374969,"Tg+","GluA2"
0.438202,"Tg+","GluA2"
0.43089,"Tg+","GluA2"
0.227877,"Tg+","GluA2"
0.411961,"Tg+","GluA2"
0.364768,"Tg+","GluA2"
0.352398,"Tg+","GluA2"
0.481877,"Tg+","GluA2"
0.451073,"Tg+","GluA2"
0.568389,"Tg+","GluA2"
0.438215,"Tg+","GluA2"
0.531447,"Tg+","GluA2"
0.454885,"Tg+","GluA2"
0.546502,"Tg+","GluA2"
0.515564,"Tg+","GluA2"
0.327446,"Tg+","GluA2"
0.374489,"Tg+","GluA2"
0.541396,"Tg+","GluA2"
0.400957,"Tg+","GluA2"
0.37494,"Tg+","GluA2"
0.608041,"Tg+","GluA2"
0.568389,"Tg+","GluA2"
0.377919,"Tg+","GluA2"
0.397363,"Tg+","GluA2"
0.453703,"Tg+","GluA2"
0.336806,"Tg+","GluA2"
0.471469,"Tg+","GluA2"
0.456738,"Tg+","GluA2"
0.436008,"Tg+","GluA2"
0.47134,"Tg+","GluA2"
0.580937,"Tg+","GluA2"
0.388896,"Tg+","GluA2"
0.546502,"Tg+","GluA2"
0.43159,"Tg+","GluA2"
0.516533,"Tg+","GluA2"
0.570469,"Tg+","GluA2"
0.514822,"Tg+","GluA2"
0.549784,"Tg+","GluA2"
0.413611,"Tg+","GluA2"
0.388777,"Tg+","GluA2"
0.550259,"Tg+","GluA2"
0.469539,"Tg+","GluA2"
0.484437,"Tg+","GluA2"
0.492893,"Tg+","GluA2"
0.545454,"Tg+","GluA2"
0.521991,"Tg+","GluA2"
0.424103,"Tg+","GluA2"
0.470419,"Tg+","GluA2"
0.455535,"Tg+","GluA2"
0.433769,"Tg+","GluA2"
0.692894,"Tg+","GluA2"
0.458538,"Tg+","GluA2"
0.469007,"Tg+","GluA2"
0.394526,"Tg+","GluA2"
0.610892,"Tg+","GluA2"
0.558253,"Tg+","GluA2"
0.598242,"Tg+","GluA2"
0.506273,"Tg+","GluA2"
0.505385,"Tg+","GluA2"
0.394526,"Tg+","GluA2"
0.478544,"Tg+","GluA2"
0.506047,"Tg+","GluA2"
0.552637,"Tg+","GluA2"
0.647281,"Tg+","GluA2"
0.563048,"Tg+","GluA2"
0.5395,"Tg+","GluA2"
0.559871,"Tg+","GluA2"
0.615136,"Tg+","GluA2"
0.551881,"Tg+","GluA2"
0.630551,"Tg+","GluA2"
0.469575,"Tg+","GluA2"
0.503336,"Tg+","GluA2"
0.628256,"Tg+","GluA2"
0.580288,"Tg+","GluA2"
0.503715,"Tg+","GluA2"
0.686078,"Tg+","GluA2"
0.501838,"Tg+","GluA2"
0.645581,"Tg+","GluA2"
0.486674,"Tg+","GluA2"
0.491891,"Tg+","GluA2"
0.433769,"Tg+","GluA2"
0.540995,"Tg+","GluA2"
0.690318,"Tg+","GluA2"
0.448397,"Tg+","GluA2"
0.558209,"Tg+","GluA2"
0.480451,"Tg+","GluA2"
0.497111,"Tg+","GluA2"
0.518819,"Tg+","GluA2"
0.354503,"Tg+","GluA2"
0.409004,"Tg+","GluA2"
0.474175,"Tg+","GluA2"
0.57414,"Tg+","GluA2"
0.612231,"Tg+","GluA2"
0.537696,"Tg+","GluA2"
0.329757,"Tg+","GluA2"
0.409004,"Tg+","GluA2"
0.365176,"Tg+","GluA2"
0.463382,"Tg+","GluA2"
0.617998,"Tg+","GluA2"
0.385891,"Tg+","GluA2"
0.606885,"Tg+","GluA2"
0.517818,"Tg+","GluA2"
0.407132,"Tg+","GluA2"
0.667222,"Tg+","GluA2"
0.459909,"Tg+","GluA2"
0.651924,"Tg+","GluA2"
0.406009,"Tg+","GluA2"
0.764403,"Tg+","GluA2"
0.435098,"Tg+","GluA2"
0.604324,"Tg+","GluA2"
0.604324,"Tg+","GluA2"
0.379826,"Tg+","GluA2"
0.578901,"Tg+","GluA2"
0.454589,"Tg+","GluA2"
0.606328,"Tg+","GluA2"
0.531815,"Tg+","GluA2"
0.546968,"Tg+","GluA2"
0.473405,"Tg+","GluA2"
0.415899,"Tg+","GluA2"
0.562076,"Tg+","GluA2"
0.424015,"Tg+","GluA2"
0.518637,"Tg+","GluA2"
0.48618,"Tg+","GluA2"
0.460924,"Tg+","GluA2"
0.470846,"Tg+","GluA2"
0.528917,"Tg+","GluA2"
0.460404,"Tg+","GluA2"
0.399784,"Tg+","GluA2"
0.340723,"Tg+","GluA2"
0.653762,"Tg+","GluA2"
0.431647,"Tg+","GluA2"
0.615186,"Tg+","GluA2"
0.403475,"Tg+","GluA2"
0.47782,"Tg+","GluA2"
0.311855,"Tg+","GluA2"
0.583368,"Tg+","GluA2"
0.51936,"Tg+","GluA2"
0.377959,"Tg+","GluA2"
0.588142,"Tg+","GluA2"
0.487918,"Tg+","GluA2"
0.440488,"Tg+","GluA2"
0.534804,"Tg+","GluA2"
0.545592,"Tg+","GluA2"
0.533242,"Tg+","GluA2"
0.537119,"Tg+","GluA2"
0.600676,"Tg+","GluA2"
0.477607,"Tg+","GluA2"
0.436524,"Tg+","GluA2"
0.550726,"Tg+","GluA2"
0.572044,"Tg+","GluA2"
0.528054,"Tg+","GluA2"
0.609803,"Tg+","GluA2"
0.507618,"Tg+","GluA2"
0.470968,"Tg+","GluA2"
0.658763,"Tg+","GluA2"
0.475753,"Tg+","GluA2"
0.377959,"Tg+","GluA2"
0.470662,"Tg+","GluA2"
0.496142,"Tg+","GluA2"
0.534386,"Tg+","GluA2"
0.485768,"Tg+","GluA2"
0.486388,"Tg+","GluA2"
0.594277,"Tg+","GluA2"
0.361569,"Tg+","GluA2"
0.474659,"Tg+","GluA2"
0.446651,"Tg+","GluA2"
0.487503,"Tg+","GluA2"
0.573525,"Tg+","GluA2"
0.637411,"Tg+","GluA2"
0.636155,"Tg+","GluA2"
0.582647,"Tg+","GluA2"
0.534804,"Tg+","GluA2"
0.604729,"Tg+","GluA2"
0.529071,"Tg+","GluA2"
0.413576,"Tg+","GluA2"
0.488433,"Tg+","GluA2"
0.400517,"Tg+","GluA2"
0.469109,"Tg+","GluA2"
0.443961,"Tg+","GluA2"
0.555018,"Tg+","GluA2"
0.510733,"Tg+","GluA2"
0.56695,"Tg+","GluA2"
0.428935,"Tg+","GluA2"
0.504959,"Tg+","GluA2"
0.563645,"Tg+","GluA2"
0.42625,"Tg+","GluA2"
0.389355,"Tg+","GluA2"
0.434421,"Tg+","GluA2"
0.441311,"Tg+","GluA2"
0.610394,"Tg+","GluA2"
0.295665,"Tg+","GluA2"
0.412217,"Tg+","GluA2"
0.563831,"Tg+","GluA2"
0.568548,"Tg+","GluA2"
0.443782,"Tg+","GluA2"
0.517858,"Tg+","GluA2"
0.514021,"Tg+","GluA2"
0.383391,"Tg+","GluA2"
0.473703,"Tg+","GluA2"
0.496884,"Tg+","GluA2"
0.540393,"Tg+","GluA2"
0.589923,"Tg+","GluA2"
0.526981,"Tg+","GluA2"
0.492382,"Tg+","GluA2"
0.578091,"Tg+","GluA2"
0.467156,"Tg+","GluA2"
0.773934,"Tg+","GluA2"
0.413576,"Tg+","GluA2"
0.471588,"Tg+","GluA2"
0.43538,"Tg+","GluA2"
0.420979,"Tg+","GluA2"
0.521034,"Tg+","GluA2"
0.689893,"Tg+","GluA2"
0.507661,"Tg+","GluA2"
0.462059,"Tg+","GluA2"
0.713987,"Tg+","GluA2"
0.424864,"Tg+","GluA2"
0.414708,"Tg+","GluA2"
0.482993,"Tg+","GluA2"
0.49165,"Tg+","GluA2"
0.498351,"Tg+","GluA2"
0.412475,"Tg+","GluA2"
0.651522,"Tg+","GluA2"
0.402524,"Tg+","GluA2"
0.440839,"Tg+","GluA2"
0.471269,"Tg+","GluA2"
0.362784,"Tg+","GluA2"
0.508921,"Tg+","GluA2"
0.498525,"Tg+","GluA2"
0.450795,"Tg+","GluA2"
0.307935,"Tg-","GluA2"
0.494852,"Tg-","GluA2"
0.376492,"Tg-","GluA2"
0.437863,"Tg-","GluA2"
0.638781,"Tg-","GluA2"
0.559368,"Tg-","GluA2"
0.637086,"Tg-","GluA2"
0.346625,"Tg-","GluA2"
0.522115,"Tg-","GluA2"
0.515323,"Tg-","GluA2"
0.260129,"Tg-","GluA2"
0.365185,"Tg-","GluA2"
0.53196,"Tg-","GluA2"
0.381766,"Tg-","GluA2"
0.555855,"Tg-","GluA2"
0.380982,"Tg-","GluA2"
0.580316,"Tg-","GluA2"
0.339281,"Tg-","GluA2"
0.521565,"Tg-","GluA2"
0.554261,"Tg-","GluA2"
0.629492,"Tg-","GluA2"
0.341476,"Tg-","GluA2"
0.476564,"Tg-","GluA2"
0.507462,"Tg-","GluA2"
0.53713,"Tg-","GluA2"
0.597075,"Tg-","GluA2"
0.519859,"Tg-","GluA2"
0.521158,"Tg-","GluA2"
0.269339,"Tg-","GluA2"
0.515323,"Tg-","GluA2"
0.326611,"Tg-","GluA2"
0.560992,"Tg-","GluA2"
0.631009,"Tg-","GluA2"
0.512385,"Tg-","GluA2"
0.695172,"Tg-","GluA2"
0.409642,"Tg-","GluA2"
0.49128,"Tg-","GluA2"
0.509937,"Tg-","GluA2"
0.348149,"Tg-","GluA2"
0.545651,"Tg-","GluA2"
0.459676,"Tg-","GluA2"
0.563517,"Tg-","GluA2"
0.545491,"Tg-","GluA2"
0.498277,"Tg-","GluA2"
0.412777,"Tg-","GluA2"
0.425255,"Tg-","GluA2"
0.395702,"Tg-","GluA2"
0.428956,"Tg-","GluA2"
0.615264,"Tg-","GluA2"
0.454676,"Tg-","GluA2"
0.498792,"Tg-","GluA2"
0.307958,"Tg-","GluA2"
0.610155,"Tg-","GluA2"
0.671503,"Tg-","GluA2"
0.608335,"Tg-","GluA2"
0.398824,"Tg-","GluA2"
0.402617,"Tg-","GluA2"
0.378055,"Tg-","GluA2"
0.557163,"Tg-","GluA2"
0.636342,"Tg-","GluA2"
0.424284,"Tg-","GluA2"
0.315395,"Tg-","GluA2"
0.412777,"Tg-","GluA2"
0.585413,"Tg-","GluA2"
0.608335,"Tg-","GluA2"
0.626356,"Tg-","GluA2"
0.459315,"Tg-","GluA2"
0.673868,"Tg-","GluA2"
0.291593,"Tg-","GluA2"
0.394115,"Tg-","GluA2"
0.194961,"Tg-","GluA2"
0.423714,"Tg-","GluA2"
0.223166,"Tg-","GluA2"
0.6357,"Tg-","GluA2"
0.416702,"Tg-","GluA2"
0.664685,"Tg-","GluA2"
0.242298,"Tg-","GluA2"
0.213879,"Tg-","GluA2"
0.361771,"Tg-","GluA2"
0.232325,"Tg-","GluA2"
0.392339,"Tg-","GluA2"
0.229771,"Tg-","GluA2"
0.32559,"Tg-","GluA2"
0.625059,"Tg-","GluA2"
0.210372,"Tg-","GluA2"
0.578708,"Tg-","GluA2"
0.271532,"Tg-","GluA2"
0.428051,"Tg-","GluA2"
0.38527,"Tg-","GluA2"
0.460498,"Tg-","GluA2"
0.304181,"Tg-","GluA2"
0.210103,"Tg-","GluA2"
0.329801,"Tg-","GluA2"
0.295261,"Tg-","GluA2"
0.507615,"Tg-","GluA2"
0.570887,"Tg-","GluA2"
0.385883,"Tg-","GluA2"
0.290107,"Tg-","GluA2"
0.6357,"Tg-","GluA2"
0.240641,"Tg-","GluA2"
0.449631,"Tg-","GluA2"
0.397852,"Tg-","GluA2"
0.41507,"Tg-","GluA2"
0.509847,"Tg-","GluA2"
0.524223,"Tg-","GluA2"
0.266258,"Tg-","GluA2"
0.340751,"Tg-","GluA2"
0.597575,"Tg-","GluA2"
0.488111,"Tg-","GluA2"
0.476371,"Tg-","GluA2"
0.432445,"Tg-","GluA2"
0.445891,"Tg-","GluA2"
0.19613,"Tg-","GluA2"
0.492203,"Tg-","GluA2"
0.305458,"Tg+","GluA2"
0.500589,"Tg+","GluA2"
0.407218,"Tg+","GluA2"
0.439785,"Tg+","GluA2"
0.371088,"Tg+","GluA2"
0.367912,"Tg+","GluA2"
0.412064,"Tg+","GluA2"
0.35132,"Tg+","GluA2"
0.589109,"Tg+","GluA2"
0.551673,"Tg+","GluA2"
0.379356,"Tg+","GluA2"
0.443866,"Tg+","GluA2"
0.464565,"Tg+","GluA2"
0.616227,"Tg+","GluA2"
0.493086,"Tg+","GluA2"
0.440726,"Tg+","GluA2"
0.577629,"Tg+","GluA2"
0.510835,"Tg+","GluA2"
0.407218,"Tg+","GluA2"
0.553398,"Tg+","GluA2"
0.351652,"Tg+","GluA2"
0.481019,"Tg+","GluA2"
0.402865,"Tg+","GluA2"
0.377804,"Tg+","GluA2"
0.5646,"Tg+","GluA2"
0.579096,"Tg+","GluA2"
0.433609,"Tg+","GluA2"
0.437323,"Tg+","GluA2"
0.457256,"Tg+","GluA2"
0.668865,"Tg+","GluA2"
0.546535,"Tg+","GluA2"
0.343756,"Tg+","GluA2"
0.267171,"Tg+","GluA2"
0.399298,"Tg+","GluA2"
0.462674,"Tg+","GluA2"
0.55388,"Tg+","GluA2"
0.398618,"Tg+","GluA2"
0.409721,"Tg+","GluA2"
0.233057,"Tg+","GluA2"
0.544123,"Tg+","GluA2"
0.412062,"Tg+","GluA2"
0.428139,"Tg+","GluA2"
0.577367,"Tg+","GluA2"
0.722767,"Tg+","GluA2"
0.502688,"Tg+","GluA2"
0.565493,"Tg+","GluA2"
0.3324,"Tg+","GluA2"
0.330692,"Tg+","GluA2"
0.433519,"Tg+","GluA2"
0.399095,"Tg+","GluA2"
0.484009,"Tg+","GluA2"
0.383142,"Tg+","GluA2"
0.513714,"Tg+","GluA2"
0.364266,"Tg+","GluA2"
0.501179,"Tg+","GluA2"
0.274026,"Tg+","GluA2"
0.351697,"Tg+","GluA2"
0.277993,"Tg+","GluA2"
0.456381,"Tg+","GluA2"
0.310042,"Tg+","GluA2"
0.277802,"Tg+","GluA2"
0.428278,"Tg+","GluA2"
0.488509,"Tg+","GluA2"
0.459674,"Tg+","GluA2"
0.478651,"Tg+","GluA2"
0.47056,"Tg+","GluA2"
0.417109,"Tg+","GluA2"
0.392004,"Tg+","GluA2"
0.230709,"Tg+","GluA2"
0.385136,"Tg+","GluA2"
0.371164,"Tg+","GluA2"
0.520193,"Tg+","GluA2"
0.503804,"Tg+","GluA2"
0.530816,"Tg+","GluA2"
0.35668,"Tg+","GluA2"
0.344069,"Tg+","GluA2"
0.530429,"Tg+","GluA2"
0.424964,"Tg+","GluA2"
0.449742,"Tg+","GluA2"
0.520975,"Tg+","GluA2"
0.217884,"Tg+","GluA2"
0.476687,"Tg+","GluA2"
0.37302,"Tg+","GluA2"
0.322037,"Tg+","GluA2"
0.459076,"Tg+","GluA2"
0.521714,"Tg+","GluA2"
0.398999,"Tg+","GluA2"
0.448778,"Tg+","GluA2"
0.483555,"Tg+","GluA2"
0.372339,"Tg+","GluA2"
0.428278,"Tg+","GluA2"
0.548882,"Tg+","GluA2"
0.363037,"Tg+","GluA2"
0.447267,"Tg+","GluA2"
0.381075,"Tg+","GluA2"
0.489602,"Tg+","GluA2"
0.416668,"Tg+","GluA2"
0.414548,"Tg+","GluA2"
0.477459,"Tg+","GluA2"
0.547598,"Tg+","GluA2"
0.399568,"Tg+","GluA2"
0.391704,"Tg+","GluA2"
0.400428,"Tg+","GluA2"
0.399568,"Tg+","GluA2"
0.457519,"Tg+","GluA2"
0.612148,"Tg+","GluA2"
0.561788,"Tg+","GluA2"
0.477375,"Tg+","GluA2"
0.471563,"Tg+","GluA2"
0.471444,"Tg+","GluA2"
0.328253,"Tg+","GluA2"
0.548789,"Tg+","GluA2"
0.516196,"Tg+","GluA2"
0.415063,"Tg+","GluA2"
0.450903,"Tg+","GluA2"
0.34141,"Tg+","GluA2"
0.49224,"Tg+","GluA2"
0.574132,"Tg+","GluA2"
0.494957,"Tg+","GluA2"
0.381874,"Tg+","GluA2"
0.473773,"Tg+","GluA2"
0.483581,"Tg+","GluA2"
0.417532,"Tg+","GluA2"
0.442843,"Tg+","GluA2"
0.492139,"Tg+","GluA2"
0.466343,"Tg+","GluA2"
0.480896,"Tg+","GluA2"
0.349613,"Tg+","GluA2"
0.36436,"Tg+","GluA2"
0.469145,"Tg+","GluA2"
0.50396,"Tg+","GluA2"
0.231121,"Tg+","GluA2"
0.621888,"Tg+","GluA2"
0.458745,"Tg+","GluA2"
0.374059,"Tg+","GluA2"
0.448324,"Tg+","GluA2"
0.428663,"Tg+","GluA2"
0.574781,"Tg+","GluA2"
0.475955,"Tg+","GluA2"
0.553076,"Tg+","GluA2"
0.44478,"Tg+","GluA2"
0.523152,"Tg+","GluA2"
0.453696,"Tg+","GluA2"
0.632356,"Tg+","GluA2"
0.310158,"Tg+","GluA2"
0.454885,"Tg+","GluA2"
0.599963,"Tg+","GluA2"
0.355414,"Tg+","GluA2"
0.47887,"Tg+","GluA2"
0.469882,"Tg+","GluA2"
0.261333,"Tg+","GluA2"
0.483146,"Tg+","GluA2"
0.402035,"Tg+","GluA2"
0.516901,"Tg+","GluA2"
0.510967,"Tg+","GluA2"
0.436025,"Tg+","GluA2"
0.596602,"Tg+","GluA2"
0.394766,"Tg+","GluA2"
0.644635,"Tg+","GluA2"
0.549607,"Tg+","GluA2"
0.475955,"Tg+","GluA2"
0.416433,"Tg+","GluA2"
0.491489,"Tg+","GluA2"
0.574781,"Tg+","GluA2"
0.496098,"Tg+","GluA2"
0.402541,"Tg+","GluA2"
0.612265,"Tg+","GluA2"
0.668897,"Tg+","GluA2"
0.295682,"Tg+","GluA2"
0.452034,"Tg+","GluA2"
0.373236,"Tg+","GluA2"
0.562026,"Tg+","GluA2"
0.608799,"Tg+","GluA2"
0.560675,"Tg+","GluA2"
0.370129,"Tg+","GluA2"
0.466637,"Tg+","GluA2"
0.384239,"Tg+","GluA2"
0.288729,"Tg+","GluA2"
0.497183,"Tg+","GluA2"
0.425196,"Tg+","GluA2"
0.276821,"Tg+","GluA2"
0.316971,"Tg+","GluA2"
0.448834,"Tg+","GluA2"
0.281723,"Tg+","GluA2"
0.342839,"Tg+","GluA2"
0.459784,"Tg+","GluA2"
0.334326,"Tg+","GluA2"
0.459217,"Tg+","GluA2"
0.337254,"Tg+","GluA2"
0.498207,"Tg+","GluA2"
0.421538,"Tg+","GluA2"
0.434312,"Tg+","GluA2"
0.486357,"Tg+","GluA2"
0.488835,"Tg+","GluA2"
0.581666,"Tg+","GluA2"
0.305291,"Tg+","GluA2"
0.422585,"Tg+","GluA2"
0.51326,"Tg+","GluA2"
0.307543,"Tg+","GluA2"
0.430544,"Tg+","GluA2"
0.352255,"Tg+","GluA2"
0.27282,"Tg+","GluA2"
0.392513,"Tg+","GluA2"
0.283708,"Tg+","GluA2"
0.51326,"Tg+","GluA2"
0.363206,"Tg+","GluA2"
0.591751,"Tg+","GluA2"
0.510435,"Tg+","GluA2"
0.370129,"Tg+","GluA2"
0.470985,"Tg+","GluA2"
0.510799,"Tg+","GluA2"
0.659166,"Tg+","GluA2"
0.548302,"Tg+","GluA2"
0.32459,"Tg+","GluA2"
0.497183,"Tg+","GluA2"
0.620596,"Tg+","GluA2"
0.454626,"Tg+","GluA2"
0.383471,"Tg+","GluA2"
0.387546,"Tg+","GluA2"
0.671039,"Tg+","GluA2"
0.43173,"Tg+","GluA2"
0.576544,"Tg+","GluA2"
0.441352,"Tg+","GluA2"
0.406979,"Tg+","GluA2"
0.525468,"Tg+","GluA2"
0.531712,"Tg+","GluA2"
0.518059,"Tg+","GluA2"
0.525468,"Tg+","GluA2"
0.391754,"Tg+","GluA2"
0.576544,"Tg+","GluA2"
0.42654,"Tg+","GluA2"
0.30672,"Tg+","GluA2"
0.707704,"Tg+","GluA2"
0.580897,"Tg+","GluA2"
0.606668,"Tg+","GluA2"
0.43173,"Tg+","GluA2"
0.719602,"Tg+","GluA2"
0.57526,"Tg+","GluA2"
0.681123,"Tg+","GluA2"
0.554477,"Tg+","GluA2"
0.428523,"Tg+","GluA2"
0.450144,"Tg+","GluA2"
0.528375,"Tg+","GluA2"
0.413287,"Tg+","GluA2"
0.633222,"Tg+","GluA2"
0.521083,"Tg+","GluA2"
0.691157,"Tg+","GluA2"
0.534622,"Tg+","GluA2"
0.401246,"Tg+","GluA2"
0.744549,"Tg+","GluA2"
0.577823,"Tg+","GluA2"
0.430947,"Tg+","GluA2"
0.577656,"Tg+","GluA2"
0.448822,"Tg+","GluA2"
0.528361,"Tg+","GluA2"
0.571641,"Tg+","GluA2"
0.523856,"Tg+","GluA2"
0.470095,"Tg+","GluA2"
0.535137,"Tg+","GluA2"
0.719132,"Tg+","GluA2"
0.742261,"Tg+","GluA2"
0.326909,"Tg+","GluA2"
0.522171,"Tg+","GluA2"
0.496104,"Tg+","GluA2"
0.559156,"Tg+","GluA2"
0.531156,"Tg+","GluA2"
0.349156,"Tg+","GluA2"
0.410867,"Tg+","GluA2"
0.467982,"Tg+","GluA2"
0.610165,"Tg+","GluA2"
0.625137,"Tg+","GluA2"
0.425094,"Tg+","GluA2"
0.566081,"Tg+","GluA2"
0.43024,"Tg+","GluA2"
0.510853,"Tg+","GluA2"
0.498704,"Tg+","GluA2"
0.292863,"Tg+","GluA2"
0.457948,"Tg+","GluA2"
0.431413,"Tg+","GluA2"
0.331061,"Tg+","GluA2"
0.456484,"Tg+","GluA2"
0.465456,"Tg+","GluA2"
0.397438,"Tg+","GluA2"
0.515934,"Tg+","GluA2"
0.474662,"Tg+","GluA2"
0.422175,"Tg+","GluA2"
0.440661,"Tg+","GluA2"
0.332834,"Tg+","GluA2"
0.522732,"Tg+","GluA2"
0.610165,"Tg+","GluA2"
0.419183,"Tg+","GluA2"
0.380019,"Tg+","GluA2"
0.554713,"Tg+","GluA2"
0.461175,"Tg+","GluA2"
0.506851,"Tg+","GluA2"
0.468353,"Tg+","GluA2"
0.574111,"Tg+","GluA2"
0.560649,"Tg+","GluA2"
0.538911,"Tg+","GluA2"
0.505495,"Tg+","GluA2"
0.375663,"Tg+","GluA2"
0.475685,"Tg+","GluA2"
0.515934,"Tg+","GluA2"
0.439114,"Tg+","GluA2"
0.49231,"Tg+","GluA2"
0.542313,"Tg+","GluA2"
0.489067,"Tg+","GluA2"
0.475142,"Tg+","GluA2"
0.431552,"Tg+","GluA2"
0.687251,"Tg+","GluA2"
0.539874,"Tg+","GluA2"
0.518561,"Tg+","GluA2"
0.622585,"Tg+","GluA2"
0.416181,"Tg+","GluA2"
0.415884,"Tg+","GluA2"
0.443027,"Tg+","GluA2"
0.44951,"Tg+","GluA2"
0.415452,"Tg+","GluA2"
0.545486,"Tg+","GluA2"
0.525003,"Tg+","GluA2"
0.603498,"Tg+","GluA2"
0.374791,"Tg+","GluA2"
0.486488,"Tg+","GluA2"
0.36016,"Tg+","GluA2"
0.698837,"Tg+","GluA2"
0.600243,"Tg+","GluA2"
0.546153,"Tg+","GluA2"
0.466074,"Tg+","GluA2"
0.345318,"Tg+","GluA2"
0.568822,"Tg+","GluA2"
0.444508,"Tg+","GluA2"
0.591481,"Tg+","GluA2"
0.501347,"Tg+","GluA2"
0.479723,"Tg+","GluA2"
0.673981,"Tg+","GluA2"
0.570089,"Tg+","GluA2"
0.47837,"Tg+","GluA2"
0.500846,"Tg+","GluA2"
0.464845,"Tg+","GluA2"
0.518427,"Tg+","GluA2"
0.56494,"Tg+","GluA2"
0.443714,"Tg+","GluA2"
0.349929,"Tg+","GluA2"
0.544951,"Tg+","GluA2"
0.588955,"Tg+","GluA2"
0.444567,"Tg+","GluA2"
0.444923,"Tg+","GluA2"
0.426262,"Tg+","GluA2"
0.623281,"Tg+","GluA2"
0.628763,"Tg+","GluA2"
0.57138,"Tg+","GluA2"
0.527726,"Tg+","GluA2"
0.394761,"Tg+","GluA2"
0.429647,"Tg+","GluA2"
0.462074,"Tg+","GluA2"
0.32197,"Tg+","GluA2"
0.38135,"Tg+","GluA2"
0.329108,"Tg+","GluA2"
0.314486,"Tg+","GluA2"
0.467352,"Tg+","GluA2"
0.426259,"Tg+","GluA2"
0.610374,"Tg+","GluA2"
0.469038,"Tg+","GluA2"
0.615453,"Tg+","GluA2"
0.551066,"Tg+","GluA2"
0.505251,"Tg+","GluA2"
0.539009,"Tg+","GluA2"
0.524823,"Tg+","GluA2"
0.404144,"Tg+","GluA2"
0.487163,"Tg+","GluA2"
0.467085,"Tg+","GluA2"
0.514129,"Tg+","GluA2"
0.386263,"Tg+","GluA2"
0.561155,"Tg+","GluA2"
0.530936,"Tg+","GluA2"
0.369115,"Tg+","GluA2"
0.486576,"Tg+","GluA2"
0.524397,"Tg+","GluA2"
0.40237,"Tg+","GluA2"
0.475689,"Tg+","GluA2"
0.436948,"Tg+","GluA2"
0.546355,"Tg+","GluA2"
0.615369,"Tg+","GluA2"
0.611811,"Tg+","GluA2"
0.549137,"Tg+","GluA2"
0.564583,"Tg+","ctr"
0.431015,"Tg+","ctr"
0.347891,"Tg+","ctr"
0.461165,"Tg+","ctr"
0.311986,"Tg+","ctr"
0.5806,"Tg+","ctr"
0.483897,"Tg+","ctr"
0.618267,"Tg+","ctr"
0.450121,"Tg+","ctr"
0.650798,"Tg+","ctr"
0.311986,"Tg+","ctr"
0.507583,"Tg+","ctr"
0.482354,"Tg+","ctr"
0.428683,"Tg+","ctr"
0.335322,"Tg+","ctr"
0.426894,"Tg+","ctr"
0.640741,"Tg+","ctr"
0.215571,"Tg+","ctr"
0.564139,"Tg+","ctr"
0.291965,"Tg+","ctr"
0.470545,"Tg+","ctr"
0.455682,"Tg+","ctr"
0.493326,"Tg+","ctr"
0.420572,"Tg+","ctr"
0.445501,"Tg+","ctr"
0.484064,"Tg+","ctr"
0.533627,"Tg+","ctr"
0.44547,"Tg+","ctr"
0.771515,"Tg+","ctr"
0.463654,"Tg+","ctr"
0.552326,"Tg+","ctr"
0.347891,"Tg+","ctr"
0.546828,"Tg+","ctr"
0.413908,"Tg+","ctr"
0.51102,"Tg+","ctr"
0.521082,"Tg+","ctr"
0.455053,"Tg+","ctr"
0.638136,"Tg+","ctr"
0.485132,"Tg+","ctr"
0.308218,"Tg+","ctr"
0.564583,"Tg+","ctr"
0.700996,"Tg+","ctr"
0.387073,"Tg+","ctr"
0.590615,"Tg+","ctr"
0.375855,"Tg+","ctr"
0.428958,"Tg+","ctr"
0.540721,"Tg+","ctr"
0.515518,"Tg+","ctr"
0.699594,"Tg+","ctr"
0.498188,"Tg+","ctr"
0.288747,"Tg+","ctr"
0.72614,"Tg+","ctr"
0.658032,"Tg+","ctr"
0.453229,"Tg+","ctr"
0.671462,"Tg+","ctr"
0.681334,"Tg+","ctr"
0.480462,"Tg+","ctr"
0.249771,"Tg+","ctr"
0.463295,"Tg+","ctr"
0.586598,"Tg+","ctr"
0.782692,"Tg+","ctr"
0.601493,"Tg+","ctr"
0.47396,"Tg+","ctr"
0.328649,"Tg+","ctr"
0.4034,"Tg+","ctr"
0.71559,"Tg+","ctr"
0.584954,"Tg+","ctr"
0.908072,"Tg+","ctr"
0.536681,"Tg+","ctr"
0.495868,"Tg+","ctr"
0.67992,"Tg+","ctr"
0.55284,"Tg+","ctr"
0.599696,"Tg+","ctr"
0.194382,"Tg+","ctr"
0.296852,"Tg+","ctr"
0.218816,"Tg+","ctr"
0.44668,"Tg+","ctr"
0.487592,"Tg+","ctr"
0.673431,"Tg+","ctr"
0.246637,"Tg+","ctr"
0.386277,"Tg+","ctr"
0.501776,"Tg+","ctr"
0.494388,"Tg+","ctr"
0.667771,"Tg+","ctr"
0.314667,"Tg+","ctr"
0.467517,"Tg+","ctr"
0.875546,"Tg+","ctr"
0.524946,"Tg+","ctr"
0.597763,"Tg+","ctr"
0.389738,"Tg+","ctr"
0.430135,"Tg+","ctr"
0.552708,"Tg+","ctr"
0.841784,"Tg+","ctr"
0.624952,"Tg+","ctr"
0.528343,"Tg+","ctr"
0.612844,"Tg+","ctr"
0.860011,"Tg+","ctr"
0.362288,"Tg+","ctr"
0.82313,"Tg+","ctr"
0.468831,"Tg+","ctr"
0.443976,"Tg+","ctr"
0.246637,"Tg+","ctr"
0.400843,"Tg+","ctr"
0.220458,"Tg+","ctr"
0.69393,"Tg+","ctr"
0.299265,"Tg+","ctr"
0.308529,"Tg+","ctr"
0.380738,"Tg+","ctr"
0.730627,"Tg+","ctr"
0.250826,"Tg+","ctr"
0.314923,"Tg+","ctr"
0.478382,"Tg+","ctr"
0.592681,"Tg+","ctr"
0.438036,"Tg+","ctr"
0.438131,"Tg+","ctr"
0.456996,"Tg+","ctr"
0.615442,"Tg+","ctr"
0.388575,"Tg+","ctr"
0.714952,"Tg+","ctr"
0.492548,"Tg+","ctr"
0.369793,"Tg+","ctr"
0.360304,"Tg+","ctr"
0.416944,"Tg+","ctr"
0.425344,"Tg+","ctr"
0.720957,"Tg+","ctr"
0.536886,"Tg+","ctr"
0.230882,"Tg+","ctr"
0.743302,"Tg+","ctr"
0.459257,"Tg+","ctr"
0.194382,"Tg+","ctr"
0.284275,"Tg+","ctr"
0.222029,"Tg+","ctr"
0.22812,"Tg+","ctr"
0.448102,"Tg+","ctr"
0.354999,"Tg+","ctr"
0.417185,"Tg+","ctr"
0.200908,"Tg+","ctr"
0.404735,"Tg+","ctr"
0.292863,"Tg+","ctr"
0.431825,"Tg+","ctr"
0.592392,"Tg+","ctr"
0.29508,"Tg+","ctr"
0.412566,"Tg+","ctr"
0.233181,"Tg+","ctr"
0.285869,"Tg+","ctr"
0.558308,"Tg+","ctr"
0.563746,"Tg+","ctr"
0.300336,"Tg+","ctr"
0.276632,"Tg+","ctr"
0.397163,"Tg+","ctr"
0.257702,"Tg+","ctr"
0.438192,"Tg+","ctr"
0.400998,"Tg+","ctr"
0.268067,"Tg+","ctr"
0.441716,"Tg+","ctr"
0.630106,"Tg+","ctr"
0.412329,"Tg+","ctr"
0.280636,"Tg+","ctr"
0.571185,"Tg+","ctr"
0.486924,"Tg+","ctr"
0.415257,"Tg+","ctr"
0.448548,"Tg+","ctr"
0.569036,"Tg+","ctr"
0.416273,"Tg-","GluA2"
0.311694,"Tg-","GluA2"
0.573186,"Tg-","GluA2"
0.431261,"Tg-","GluA2"
0.288352,"Tg-","GluA2"
0.441369,"Tg-","GluA2"
0.413212,"Tg-","GluA2"
0.457527,"Tg-","GluA2"
0.389607,"Tg-","GluA2"
0.42204,"Tg-","GluA2"
0.68434,"Tg-","GluA2"
0.296458,"Tg-","GluA2"
0.457833,"Tg-","GluA2"
0.567085,"Tg-","GluA2"
0.527607,"Tg-","GluA2"
0.568542,"Tg-","GluA2"
0.436725,"Tg-","GluA2"
0.261084,"Tg-","GluA2"
0.498116,"Tg-","GluA2"
0.585924,"Tg-","GluA2"
0.539324,"Tg-","GluA2"
0.359904,"Tg-","GluA2"
0.468291,"Tg-","GluA2"
0.59079,"Tg-","GluA2"
0.502621,"Tg-","GluA2"
0.325196,"Tg-","GluA2"
0.583385,"Tg-","GluA2"
0.761032,"Tg-","GluA2"
0.307365,"Tg-","GluA2"
0.524059,"Tg-","GluA2"
0.446925,"Tg-","GluA2"
0.337131,"Tg-","GluA2"
0.559393,"Tg-","GluA2"
0.506532,"Tg-","GluA2"
0.415987,"Tg-","GluA2"
0.574576,"Tg-","GluA2"
0.311767,"Tg-","GluA2"
0.543198,"Tg-","GluA2"
0.793062,"Tg-","GluA2"
0.483848,"Tg-","GluA2"
0.509257,"Tg-","GluA2"
0.508256,"Tg-","GluA2"
0.344397,"Tg-","GluA2"
0.397212,"Tg-","GluA2"
0.497905,"Tg-","GluA2"
0.228314,"Tg-","GluA2"
0.274473,"Tg-","GluA2"
0.339451,"Tg-","GluA2"
0.351381,"Tg-","GluA2"
0.485438,"Tg-","GluA2"
0.489868,"Tg-","GluA2"
0.479499,"Tg-","GluA2"
0.217401,"Tg-","GluA2"
0.207369,"Tg-","GluA2"
0.441815,"Tg-","GluA2"
0.527237,"Tg-","GluA2"
0.318287,"Tg-","GluA2"
0.402304,"Tg-","GluA2"
0.410385,"Tg-","GluA2"
0.444571,"Tg-","GluA2"
0.36318,"Tg-","GluA2"
0.255458,"Tg-","GluA2"
0.247197,"Tg-","GluA2"
0.416483,"Tg-","GluA2"
0.291241,"Tg-","GluA2"
0.508777,"Tg-","GluA2"
0.352986,"Tg-","GluA2"
0.525569,"Tg-","GluA2"
0.494276,"Tg-","GluA2"
0.50937,"Tg-","GluA2"
0.441815,"Tg-","GluA2"
0.317566,"Tg-","GluA2"
0.417237,"Tg-","GluA2"
0.391235,"Tg-","GluA2"
0.394561,"Tg-","GluA2"
0.4942,"Tg-","GluA2"
0.624888,"Tg-","GluA2"
0.510757,"Tg-","GluA2"
0.424591,"Tg-","GluA2"
0.515607,"Tg-","GluA2"
0.404166,"Tg-","GluA2"
0.511705,"Tg-","GluA2"
0.424591,"Tg-","GluA2"
0.334769,"Tg-","GluA2"
0.60385,"Tg-","GluA2"
0.636376,"Tg-","GluA2"
0.520508,"Tg-","GluA2"
0.530265,"Tg-","GluA2"
0.468731,"Tg-","GluA2"
0.517761,"Tg-","GluA2"
0.265907,"Tg-","GluA2"
0.540693,"Tg-","GluA2"
0.220375,"Tg-","GluA2"
0.530265,"Tg-","GluA2"
0.434677,"Tg-","GluA2"
0.361074,"Tg-","GluA2"
0.434677,"Tg-","GluA2"
0.382754,"Tg-","GluA2"
0.363955,"Tg-","GluA2"
0.61072,"Tg-","GluA2"
0.513103,"Tg-","GluA2"
0.345734,"Tg-","GluA2"
0.593156,"Tg-","GluA2"
0.644589,"Tg-","GluA2"
0.616912,"Tg-","GluA2"
0.512283,"Tg-","GluA2"
0.423807,"Tg-","GluA2"
0.598384,"Tg-","GluA2"
0.463457,"Tg-","GluA2"
0.46617,"Tg-","GluA2"
0.467881,"Tg-","GluA2"
0.413217,"Tg-","GluA2"
0.549925,"Tg-","GluA2"
0.562118,"Tg-","GluA2"
0.272354,"Tg-","GluA2"
0.440175,"Tg-","GluA2"
0.51723,"Tg-","GluA2"
0.629597,"Tg-","GluA2"
0.571646,"Tg-","GluA2"
0.594318,"Tg-","GluA2"
0.593046,"Tg-","GluA2"
0.512092,"Tg-","GluA2"
0.612697,"Tg-","GluA2"
0.6352,"Tg-","GluA2"
0.640661,"Tg-","GluA2"
0.449877,"Tg-","GluA2"
0.202422,"Tg-","GluA2"
0.386507,"Tg-","GluA2"
0.472302,"Tg-","GluA2"
0.592747,"Tg-","GluA2"
0.446025,"Tg-","GluA2"
0.461987,"Tg-","GluA2"
0.398971,"Tg-","GluA2"
0.208542,"Tg-","GluA2"
0.459807,"Tg-","GluA2"
0.397635,"Tg-","GluA2"
0.331575,"Tg-","GluA2"
0.406549,"Tg-","GluA2"
0.228487,"Tg-","GluA2"
0.696312,"Tg-","GluA2"
0.472302,"Tg-","GluA2"
0.816063,"Tg-","GluA2"
0.529596,"Tg-","GluA2"
0.394571,"Tg-","GluA2"
0.771052,"Tg-","GluA2"
0.673275,"Tg-","GluA2"
0.235486,"Tg-","GluA2"
0.537157,"Tg-","GluA2"
0.586558,"Tg-","GluA2"
0.763412,"Tg-","GluA2"
0.627199,"Tg-","GluA2"
0.638992,"Tg-","GluA2"
0.494472,"Tg-","GluA2"
0.470833,"Tg-","GluA2"
0.194382,"Tg-","GluA2"
0.364598,"Tg-","GluA2"
0.463618,"Tg-","GluA2"
0.567786,"Tg-","GluA2"
0.518527,"Tg-","GluA2"
0.547578,"Tg-","GluA2"
0.885647,"Tg-","GluA2"
0.454907,"Tg-","GluA2"
0.395771,"Tg-","GluA2"
0.468519,"Tg-","GluA2"
0.713686,"Tg-","GluA2"
0.371479,"Tg-","GluA2"
0.379094,"Tg-","GluA2"
0.415842,"Tg-","GluA2"
0.616285,"Tg-","GluA2"
0.449515,"Tg-","GluA2"
0.764458,"Tg-","GluA2"
0.401072,"Tg-","GluA2"
0.424283,"Tg-","GluA2"
0.480416,"Tg-","GluA2"
0.508848,"Tg-","GluA2"
0.669795,"Tg-","GluA2"
0.454907,"Tg-","GluA2"
0.318504,"Tg-","GluA2"
0.624589,"Tg-","GluA2"
0.822021,"Tg-","GluA2"
0.335726,"Tg-","GluA2"
0.365426,"Tg-","GluA2"
0.482307,"Tg-","GluA2"
0.718681,"Tg-","GluA2"
0.37421,"Tg-","GluA2"
0.39491,"Tg-","GluA2"
0.596014,"Tg-","GluA2"
0.367341,"Tg-","GluA2"
0.349376,"Tg-","GluA2"
0.305194,"Tg-","GluA2"
0.471292,"Tg-","GluA2"
0.376311,"Tg-","GluA2"
0.395752,"Tg-","GluA2"
0.502257,"Tg-","GluA2"
0.499066,"Tg-","GluA2"
0.376122,"Tg-","GluA2"
0.513121,"Tg-","GluA2"
0.654086,"Tg-","GluA2"
0.584779,"Tg-","GluA2"
0.474896,"Tg-","GluA2"
0.376311,"Tg-","GluA2"
0.596014,"Tg-","GluA2"
0.40079,"Tg-","GluA2"
0.602124,"Tg-","GluA2"
0.401872,"Tg-","GluA2"
0.352497,"Tg-","GluA2"
0.481687,"Tg-","GluA2"
0.562745,"Tg-","GluA2"
0.471489,"Tg-","GluA2"
0.380125,"Tg-","GluA2"
0.597818,"Tg-","GluA2"
0.608339,"Tg-","GluA2"
0.636075,"Tg-","GluA2"
0.357511,"Tg-","GluA2"
0.261968,"Tg-","GluA2"
0.582476,"Tg-","GluA2"
0.527686,"Tg-","GluA2"
0.588572,"Tg-","GluA2"
0.427877,"Tg-","GluA2"
0.811806,"Tg-","GluA2"
0.621105,"Tg-","GluA2"
0.61889,"Tg-","GluA2"
0.415825,"Tg-","GluA2"
0.420643,"Tg-","GluA2"
0.8386,"Tg-","GluA2"
0.813724,"Tg-","GluA2"
0.515741,"Tg-","GluA2"
0.37379,"Tg-","ctr"
0.550785,"Tg-","ctr"
0.684833,"Tg-","ctr"
0.60968,"Tg-","ctr"
0.552707,"Tg-","ctr"
0.499289,"Tg-","ctr"
0.287279,"Tg-","ctr"
0.341414,"Tg-","ctr"
0.449643,"Tg-","ctr"
0.375874,"Tg-","ctr"
0.337735,"Tg-","ctr"
0.619504,"Tg-","ctr"
0.570855,"Tg-","ctr"
0.415324,"Tg-","ctr"
0.443489,"Tg-","ctr"
0.725766,"Tg-","ctr"
0.648959,"Tg-","ctr"
0.466902,"Tg-","ctr"
0.452346,"Tg-","ctr"
0.684833,"Tg-","ctr"
0.44051,"Tg-","ctr"
0.571166,"Tg-","ctr"
0.727978,"Tg-","ctr"
0.634475,"Tg-","ctr"
0.456837,"Tg-","ctr"
0.623901,"Tg-","ctr"
0.570887,"Tg-","ctr"
0.634475,"Tg-","ctr"
0.471167,"Tg-","ctr"
0.519222,"Tg-","ctr"
0.603644,"Tg-","ctr"
0.716227,"Tg-","ctr"
0.564851,"Tg-","ctr"
0.531759,"Tg-","ctr"
0.571326,"Tg-","ctr"
0.573604,"Tg-","ctr"
0.526037,"Tg-","ctr"
0.670355,"Tg-","ctr"
0.409919,"Tg-","ctr"
0.410774,"Tg-","ctr"
0.592918,"Tg-","ctr"
0.362744,"Tg-","ctr"
0.884074,"Tg-","ctr"
0.634475,"Tg-","ctr"
0.544394,"Tg-","ctr"
0.317337,"Tg-","ctr"
0.586645,"Tg-","ctr"
0.45476,"Tg-","ctr"
0.405642,"Tg-","ctr"
0.574911,"Tg-","ctr"
0.48232,"Tg-","ctr"
0.497327,"Tg-","ctr"
0.514316,"Tg-","ctr"
0.547356,"Tg-","ctr"
0.616449,"Tg-","ctr"
0.702011,"Tg-","ctr"
0.570182,"Tg-","ctr"
0.624489,"Tg-","ctr"
0.220823,"Tg-","ctr"
0.50298,"Tg-","ctr"
0.679367,"Tg-","ctr"
0.487711,"Tg-","ctr"
0.444992,"Tg-","ctr"
0.299454,"Tg-","ctr"
0.485706,"Tg-","ctr"
0.56813,"Tg-","ctr"
0.467967,"Tg-","ctr"
0.712433,"Tg-","ctr"
0.506027,"Tg-","ctr"
0.681367,"Tg-","ctr"
0.755224,"Tg-","ctr"
0.436089,"Tg-","ctr"
0.535085,"Tg-","ctr"
0.477482,"Tg-","ctr"
0.736526,"Tg-","ctr"
0.561566,"Tg-","ctr"
0.462577,"Tg-","ctr"
0.440698,"Tg-","ctr"
0.74988,"Tg-","ctr"
0.517239,"Tg-","ctr"
0.489542,"Tg-","ctr"
0.521349,"Tg-","ctr"
0.610138,"Tg-","ctr"
0.519842,"Tg-","ctr"
0.81863,"Tg-","ctr"
0.841818,"Tg-","ctr"
0.727441,"Tg-","ctr"
0.358684,"Tg-","ctr"
0.501087,"Tg-","ctr"
0.517958,"Tg-","ctr"
0.789021,"Tg-","ctr"
0.413954,"Tg-","ctr"
0.506398,"Tg-","ctr"
0.591247,"Tg-","ctr"
0.551622,"Tg-","ctr"
0.580135,"Tg-","ctr"
0.464842,"Tg-","ctr"
0.677825,"Tg-","ctr"
0.513291,"Tg-","ctr"
0.827013,"Tg-","ctr"
0.727441,"Tg-","ctr"
0.597994,"Tg-","ctr"
0.517958,"Tg-","ctr"
0.580384,"Tg-","ctr"
0.406892,"Tg-","ctr"
0.561142,"Tg-","ctr"
0.649272,"Tg-","ctr"
0.764604,"Tg-","ctr"
0.492746,"Tg-","ctr"
0.411212,"Tg-","ctr"
0.642453,"Tg-","ctr"
0.610138,"Tg-","ctr"
0.574911,"Tg-","ctr"
0.594326,"Tg-","ctr"
0.48681,"Tg-","ctr"
0.637143,"Tg-","ctr"
0.625321,"Tg-","ctr"
0.434235,"Tg-","ctr"
0.517982,"Tg-","ctr"
0.581483,"Tg-","ctr"
0.627407,"Tg-","ctr"
0.41888,"Tg-","ctr"
0.425401,"Tg-","ctr"
0.551622,"Tg-","ctr"
0.767319,"Tg-","ctr"
0.479634,"Tg-","ctr"
0.520196,"Tg-","ctr"
0.681367,"Tg-","ctr"
0.458204,"Tg-","ctr"
0.484724,"Tg-","ctr"
0.760604,"Tg-","ctr"
0.610165,"Tg-","ctr"
0.744339,"Tg-","ctr"
0.435192,"Tg-","ctr"
0.44373,"Tg-","ctr"
0.553573,"Tg-","ctr"
0.513569,"Tg-","ctr"
0.560763,"Tg-","ctr"
0.47009,"Tg-","ctr"
0.610463,"Tg-","ctr"
0.745356,"Tg-","ctr"
0.509706,"Tg-","ctr"
0.528262,"Tg-","ctr"
0.58034,"Tg-","ctr"
0.583306,"Tg-","ctr"
0.593803,"Tg-","ctr"
0.544927,"Tg-","ctr"
0.330447,"Tg-","ctr"
0.432951,"Tg-","ctr"
0.613661,"Tg-","ctr"
0.494494,"Tg-","ctr"
0.572324,"Tg-","ctr"
0.776945,"Tg-","ctr"
0.398655,"Tg-","ctr"
0.637689,"Tg-","ctr"
0.330447,"Tg-","ctr"
0.588207,"Tg-","ctr"
0.731846,"Tg-","ctr"
0.405964,"Tg-","ctr"
0.630685,"Tg-","ctr"
0.459074,"Tg-","ctr"
0.622052,"Tg-","ctr"
0.737651,"Tg-","ctr"
0.435247,"Tg-","ctr"
0.524814,"Tg-","ctr"
0.655395,"Tg-","ctr"
0.486189,"Tg-","ctr"
0.468198,"Tg-","ctr"
0.577416,"Tg-","ctr"
0.577461,"Tg-","ctr"
0.719231,"Tg-","ctr"
0.376941,"Tg-","ctr"
0.473453,"Tg-","ctr"
0.600056,"Tg-","ctr"
0.604042,"Tg-","ctr"
0.709384,"Tg-","ctr"
0.481725,"Tg-","ctr"
0.440293,"Tg-","ctr"
0.387093,"Tg-","ctr"
0.42338,"Tg-","ctr"
0.473024,"Tg-","ctr"
0.750403,"Tg-","ctr"
0.614751,"Tg-","ctr"
0.398655,"Tg-","ctr"
0.619903,"Tg-","ctr"
0.513411,"Tg-","ctr"
0.451352,"Tg-","ctr"
0.539819,"Tg-","ctr"
0.401404,"Tg-","ctr"
0.756176,"Tg-","ctr"
0.719231,"Tg-","ctr"
0.678313,"Tg-","ctr"
0.55867,"Tg-","ctr"
0.500676,"Tg-","ctr"
0.707354,"Tg-","ctr"
0.50203,"Tg-","ctr"
0.565929,"Tg-","ctr"
0.428287,"Tg-","ctr"
0.475646,"Tg-","ctr"
0.419396,"Tg-","ctr"
0.427934,"Tg-","ctr"
0.200724,"Tg-","ctr"
0.323248,"Tg-","ctr"
0.383458,"Tg-","ctr"
0.555331,"Tg-","ctr"
0.526754,"Tg-","ctr"
0.533553,"Tg-","ctr"
0.467322,"Tg-","ctr"
0.447203,"Tg-","ctr"
0.386497,"Tg-","ctr"
0.370182,"Tg-","ctr"
0.478257,"Tg-","ctr"
0.447183,"Tg-","ctr"
0.425202,"Tg-","ctr"
0.416924,"Tg-","ctr"
0.543957,"Tg-","ctr"
0.531668,"Tg-","ctr"
0.507453,"Tg-","ctr"
0.468582,"Tg-","ctr"
0.445149,"Tg-","ctr"
0.523951,"Tg-","ctr"
0.430383,"Tg-","ctr"
0.563521,"Tg-","ctr"
0.466887,"Tg-","ctr"
0.56468,"Tg-","ctr"
0.484519,"Tg-","ctr"
0.51375,"Tg-","ctr"
0.538862,"Tg-","ctr"
0.475299,"Tg-","ctr"
0.401227,"Tg-","ctr"
0.448197,"Tg-","ctr"
0.450377,"Tg-","ctr"
0.393404,"Tg-","ctr"
0.640072,"Tg-","ctr"
0.444096,"Tg-","ctr"
0.532409,"Tg-","ctr"
0.51709,"Tg-","ctr"
0.47983,"Tg-","ctr"
0.493445,"Tg-","ctr"
0.613509,"Tg-","ctr"
0.441531,"Tg-","ctr"
0.530909,"Tg-","ctr"
0.509396,"Tg-","ctr"
0.41944,"Tg-","ctr"
0.626688,"Tg-","ctr"
0.497303,"Tg-","ctr"
0.460931,"Tg-","ctr"
0.334771,"Tg-","ctr"
0.61322,"Tg-","ctr"
0.494673,"Tg-","ctr"
0.463229,"Tg-","ctr"
0.657826,"Tg-","ctr"
0.517008,"Tg-","ctr"
0.535917,"Tg-","ctr"
0.518163,"Tg-","ctr"
0.514325,"Tg-","ctr"
0.57615,"Tg-","ctr"
0.47679,"Tg-","ctr"
0.472556,"Tg-","ctr"
0.626617,"Tg-","ctr"
0.526123,"Tg-","ctr"
0.453286,"Tg-","ctr"
0.443508,"Tg-","ctr"
0.401361,"Tg-","ctr"
0.340015,"Tg-","ctr"
0.518683,"Tg-","ctr"
0.412102,"Tg-","ctr"
0.523345,"Tg-","ctr"
0.398658,"Tg-","ctr"
0.512702,"Tg-","ctr"
0.439565,"Tg-","ctr"
0.441893,"Tg-","ctr"
0.216555,"Tg-","ctr"
0.429969,"Tg-","ctr"
0.493208,"Tg-","ctr"
0.652867,"Tg-","ctr"
0.456729,"Tg-","ctr"
0.524742,"Tg-","ctr"
0.507038,"Tg-","ctr"
0.524742,"Tg-","ctr"
0.391945,"Tg-","ctr"
0.622142,"Tg-","ctr"
0.492752,"Tg-","ctr"
0.455681,"Tg-","ctr"
0.429969,"Tg-","ctr"
0.423254,"Tg-","ctr"
0.453534,"Tg-","ctr"
0.51279,"Tg-","ctr"
0.618914,"Tg-","ctr"
0.350195,"Tg-","ctr"
0.487879,"Tg-","ctr"
0.510858,"Tg-","ctr"
0.504384,"Tg-","ctr"
0.618914,"Tg-","ctr"
0.216968,"Tg-","ctr"
0.461234,"Tg-","ctr"
0.499805,"Tg-","ctr"
0.569789,"Tg-","ctr"
0.423017,"Tg-","ctr"
0.367859,"Tg-","ctr"
0.435219,"Tg-","ctr"
0.561493,"Tg-","ctr"
0.487032,"Tg-","ctr"
0.472954,"Tg-","ctr"
0.553951,"Tg-","ctr"
0.239378,"Tg-","ctr"
0.569192,"Tg-","ctr"
0.45661,"Tg-","ctr"
0.370519,"Tg-","ctr"
0.515887,"Tg-","ctr"
0.432973,"Tg-","ctr"
0.462084,"Tg-","ctr"
0.488308,"Tg-","ctr"
0.388939,"Tg-","ctr"
0.461156,"Tg-","ctr"
0.601468,"Tg-","ctr"
0.431463,"Tg-","ctr"
0.194382,"Tg-","ctr"
0.453115,"Tg-","ctr"
0.421515,"Tg-","ctr"
0.39042,"Tg-","ctr"
0.478417,"Tg-","ctr"
0.403933,"Tg-","ctr"
0.482011,"Tg-","ctr"
0.431371,"Tg-","ctr"
0.323161,"Tg-","ctr"
0.48486,"Tg-","ctr"
0.47157,"Tg-","ctr"
0.394672,"Tg-","ctr"
0.401701,"Tg-","ctr"
0.547913,"Tg-","ctr"
0.459749,"Tg-","ctr"
0.482528,"Tg-","ctr"
0.534374,"Tg-","ctr"
0.194382,"Tg-","ctr"
0.445162,"Tg-","ctr"
0.443772,"Tg-","ctr"
0.593807,"Tg-","ctr"
0.46899,"Tg-","ctr"
0.523379,"Tg-","ctr"
0.476375,"Tg-","ctr"
0.518066,"Tg-","ctr"
0.499616,"Tg-","ctr"
0.468671,"Tg-","ctr"
0.44553,"Tg-","ctr"
0.390904,"Tg-","ctr"
0.44665,"Tg-","ctr"
0.480402,"Tg-","ctr"
0.501768,"Tg-","ctr"
0.429134,"Tg-","ctr"
0.386006,"Tg-","ctr"
0.658014,"Tg-","ctr"
0.51716,"Tg-","ctr"
0.425168,"Tg-","ctr"
0.728906,"Tg-","ctr"
0.550423,"Tg-","ctr"
0.387938,"Tg-","ctr"
0.53573,"Tg-","ctr"
0.720295,"Tg-","ctr"
0.518507,"Tg-","ctr"
0.410993,"Tg-","ctr"
0.577816,"Tg-","ctr"
0.311528,"Tg-","ctr"
0.438133,"Tg-","ctr"
0.537096,"Tg-","ctr"
0.70855,"Tg-","ctr"
0.378068,"Tg-","ctr"
0.602495,"Tg-","ctr"
0.637697,"Tg-","ctr"
0.584741,"Tg-","ctr"
0.392816,"Tg-","ctr"
0.32241,"Tg-","ctr"
0.687327,"Tg-","ctr"
0.736051,"Tg-","ctr"
0.717275,"Tg-","ctr"
0.333857,"Tg-","ctr"
0.318941,"Tg-","ctr"
0.542924,"Tg-","ctr"
0.767694,"Tg-","ctr"
0.479506,"Tg-","ctr"
0.458405,"Tg-","ctr"
0.548518,"Tg-","ctr"
0.428186,"Tg-","ctr"
0.716478,"Tg-","ctr"
0.487493,"Tg-","ctr"
0.738146,"Tg-","ctr"
0.639704,"Tg-","ctr"
0.537171,"Tg-","ctr"
0.629711,"Tg-","ctr"
0.318941,"Tg-","ctr"
0.458193,"Tg-","ctr"
0.4637,"Tg-","ctr"
0.449783,"Tg-","ctr"
0.481121,"Tg-","ctr"
0.54655,"Tg-","ctr"
0.52978,"Tg-","ctr"
0.589197,"Tg-","ctr"
0.54655,"Tg-","ctr"
0.621628,"Tg-","ctr"
0.727281,"Tg-","ctr"
0.716028,"Tg-","ctr"
0.423144,"Tg-","ctr"
0.349293,"Tg-","ctr"
0.56211,"Tg-","ctr"
0.355689,"Tg-","ctr"
0.492099,"Tg-","ctr"
0.614551,"Tg-","ctr"
0.464659,"Tg-","ctr"
0.728906,"Tg-","ctr"
0.664946,"Tg-","ctr"
0.453211,"Tg-","ctr"
0.340925,"Tg-","ctr"
0.585293,"Tg-","ctr"
0.648326,"Tg-","ctr"
0.556499,"Tg-","ctr"
0.431981,"Tg-","ctr"
0.646304,"Tg-","ctr"
0.649636,"Tg-","ctr"
0.393401,"Tg-","ctr"
0.548314,"Tg-","ctr"
0.61882,"Tg-","ctr"
0.748278,"Tg-","ctr"
0.329957,"Tg-","ctr"
0.454669,"Tg-","ctr"
0.431841,"Tg-","ctr"
0.532626,"Tg-","ctr"
0.40819,"Tg-","ctr"
0.570551,"Tg-","ctr"
0.31895,"Tg-","ctr"
0.533937,"Tg-","ctr"
0.697094,"Tg-","ctr"
0.452685,"Tg-","ctr"
0.509929,"Tg-","ctr"
0.509593,"Tg-","ctr"
0.542416,"Tg-","ctr"
0.564302,"Tg-","ctr"
0.466582,"Tg-","ctr"
0.604552,"Tg-","ctr"
0.526589,"Tg-","ctr"
0.492332,"Tg-","ctr"
0.526784,"Tg-","ctr"
0.656767,"Tg-","ctr"
0.508168,"Tg-","ctr"
0.254335,"Tg-","ctr"
0.491335,"Tg-","ctr"
0.48969,"Tg-","ctr"
0.339678,"Tg-","ctr"
0.207282,"Tg-","ctr"
0.491202,"Tg-","ctr"
0.477784,"Tg-","ctr"
0.616264,"Tg-","ctr"
0.457507,"Tg-","ctr"
0.340251,"Tg-","ctr"
0.195062,"Tg-","ctr"
0.354509,"Tg-","ctr"
0.324893,"Tg-","ctr"
0.474973,"Tg-","ctr"
0.527202,"Tg-","ctr"
0.523346,"Tg-","ctr"
0.318075,"Tg-","ctr"
0.287581,"Tg-","ctr"
0.500203,"Tg-","ctr"
0.339233,"Tg-","ctr"
0.316446,"Tg-","ctr"
0.594532,"Tg-","ctr"
0.205213,"Tg-","ctr"
0.308123,"Tg-","ctr"
0.316417,"Tg-","ctr"
0.352888,"Tg-","ctr"
0.487065,"Tg-","ctr"
0.440468,"Tg-","ctr"
0.337421,"Tg-","ctr"
0.373535,"Tg-","ctr"
0.561767,"Tg-","ctr"
0.287755,"Tg-","ctr"
0.66429,"Tg-","ctr"
0.324893,"Tg-","ctr"
0.407057,"Tg-","ctr"
0.36654,"Tg-","ctr"
0.761795,"Tg-","ctr"
0.49021,"Tg-","ctr"
0.364856,"Tg-","ctr"
0.630664,"Tg-","ctr"
0.52146,"Tg-","ctr"
0.5952,"Tg-","ctr"
0.488456,"Tg-","ctr"
0.443228,"Tg-","ctr"
0.483922,"Tg-","ctr"
0.32462,"Tg-","ctr"
0.431031,"Tg-","ctr"
0.660481,"Tg-","ctr"
0.381681,"Tg-","ctr"
0.496421,"Tg-","ctr"
0.538302,"Tg-","ctr"
0.237218,"Tg-","ctr"
0.334641,"Tg-","ctr"
0.33054,"Tg-","ctr"
0.438885,"Tg-","ctr"
0.447273,"Tg-","ctr"
0.709564,"Tg-","ctr"
0.715563,"Tg-","ctr"
0.715563,"Tg-","ctr"
0.394145,"Tg-","ctr"
0.487172,"Tg-","ctr"
0.73608,"Tg-","ctr"
0.395882,"Tg-","ctr"
0.386067,"Tg-","ctr"
0.50815,"Tg-","ctr"
0.400489,"Tg-","ctr"
0.413035,"Tg-","ctr"
0.45558,"Tg-","ctr"
0.40968,"Tg-","ctr"
0.240728,"Tg-","ctr"
0.662903,"Tg-","ctr"
0.267093,"Tg-","ctr"
0.404365,"Tg-","ctr"
0.591138,"Tg-","ctr"
0.410092,"Tg-","ctr"
0.243858,"Tg-","ctr"
0.455961,"Tg-","ctr"
0.53643,"Tg-","ctr"
0.433987,"Tg-","ctr"
0.559886,"Tg-","ctr"
0.400401,"Tg-","ctr"
0.395952,"Tg-","ctr"
0.55311,"Tg-","ctr"
0.379216,"Tg-","ctr"
0.650296,"Tg-","ctr"
0.311089,"Tg-","ctr"
0.543684,"Tg-","ctr"
0.399723,"Tg-","ctr"
0.578044,"Tg-","ctr"
0.553827,"Tg-","ctr"
0.803525,"Tg-","ctr"
0.51523,"Tg-","ctr"
0.4437,"Tg-","ctr"
0.368123,"Tg-","ctr"
0.570266,"Tg-","ctr"
0.436422,"Tg-","ctr"
0.740244,"Tg-","ctr"
0.557289,"Tg-","ctr"
0.32284,"Tg-","ctr"
0.650679,"Tg-","ctr"
0.528379,"Tg-","ctr"
0.4325,"Tg-","ctr"
0.476053,"Tg-","ctr"
0.494805,"Tg-","ctr"
0.417228,"Tg-","ctr"
0.452723,"Tg-","ctr"
0.47882,"Tg-","ctr"
0.557289,"Tg-","ctr"
0.782719,"Tg-","ctr"
0.70844,"Tg-","ctr"
0.292347,"Tg-","ctr"
0.498437,"Tg-","ctr"
0.378011,"Tg-","ctr"
0.441057,"Tg-","ctr"
0.482521,"Tg-","ctr"
0.580155,"Tg-","ctr"
0.432821,"Tg-","ctr"
0.598158,"Tg-","ctr"
0.549254,"Tg-","ctr"
0.721039,"Tg-","ctr"
0.625771,"Tg-","ctr"
0.516587,"Tg-","ctr"
0.709754,"Tg-","ctr"
0.473523,"Tg-","ctr"
0.545901,"Tg-","ctr"
0.465788,"Tg-","ctr"
0.719782,"Tg-","ctr"
0.540691,"Tg-","ctr"
0.762089,"Tg-","ctr"
0.337116,"Tg-","ctr"
0.562457,"Tg-","ctr"
0.58081,"Tg-","ctr"
0.411618,"Tg-","ctr"
0.402869,"Tg-","ctr"
0.194382,"Tg-","ctr"
0.343693,"Tg-","ctr"
0.499431,"Tg-","ctr"
0.288578,"Tg-","ctr"
0.288526,"Tg-","ctr"
0.194382,"Tg-","ctr"
0.453309,"Tg-","ctr"
0.456941,"Tg-","ctr"
0.343397,"Tg-","ctr"
0.308691,"Tg-","ctr"
0.643279,"Tg-","ctr"
0.497755,"Tg-","ctr"
0.609084,"Tg-","ctr"
0.532492,"Tg-","ctr"
0.502799,"Tg-","ctr"
0.54426,"Tg-","ctr"
0.298243,"Tg-","ctr"
0.364462,"Tg-","ctr"
0.211046,"Tg-","ctr"
0.467536,"Tg-","ctr"
0.303755,"Tg-","ctr"
0.315428,"Tg-","ctr"
0.385276,"Tg-","ctr"
0.356069,"Tg-","ctr"
0.384168,"Tg-","ctr"
0.382462,"Tg-","ctr"
0.29762,"Tg-","ctr"
0.429705,"Tg-","ctr"
0.467082,"Tg-","ctr"
0.441789,"Tg-","ctr"
0.351244,"Tg-","ctr"
0.570232,"Tg-","ctr"
0.397794,"Tg-","ctr"
0.366195,"Tg-","ctr"
0.526652,"Tg-","ctr"
0.306596,"Tg-","ctr"
0.674477,"Tg-","ctr"
0.375298,"Tg-","ctr"
0.196483,"Tg-","ctr"
0.305575,"Tg-","ctr"
0.535646,"Tg-","ctr"
0.295391,"Tg-","ctr"
0.401668,"Tg-","ctr"
0.273355,"Tg-","ctr"
0.5893,"Tg-","ctr"
0.549058,"Tg-","ctr"
0.592346,"Tg-","ctr"
0.371323,"Tg-","ctr"
0.610812,"Tg-","ctr"
0.375298,"Tg-","ctr"
0.194382,"Tg-","ctr"
0.441789,"Tg-","ctr"
0.411446,"Tg-","ctr"
0.423994,"Tg-","ctr"
0.672361,"Tg-","ctr"
0.53882,"Tg-","ctr"
0.537456,"Tg-","ctr"
0.770842,"Tg-","ctr"
0.444087,"Tg-","ctr"
0.590781,"Tg-","ctr"
0.384554,"Tg-","ctr"
0.443451,"Tg-","ctr"
0.530918,"Tg-","ctr"
0.807311,"Tg-","ctr"
0.429743,"Tg-","ctr"
0.316092,"Tg-","ctr"
0.515287,"Tg-","ctr"
0.581167,"Tg-","ctr"
0.555999,"Tg-","ctr"
0.297095,"Tg-","ctr"
0.334441,"Tg-","ctr"
0.538613,"Tg-","ctr"
0.672631,"Tg-","ctr"
0.398475,"Tg-","ctr"
