bacc,animal,genotype,condition,classifier,cell,trial,equal_bacc_sample,cell_trial,cond
0.6863200562198042,0,WT,Veh,LDA,,,False,baseline,WT-Veh
0.7000301524941698,1,WT,Veh,LDA,,,False,baseline,WT-Veh
0.555937888363986,2,WT,Veh,LDA,,,False,baseline,WT-Veh
0.7450997074332937,3,WT,Veh,LDA,,,False,baseline,WT-Veh
0.7646005133742293,4,WT,Veh,LDA,,,False,baseline,WT-Veh
0.6827654438971795,5,WT,Veh,LDA,,,False,baseline,WT-Veh
0.7105378859301226,6,WT,Veh,LDA,,,False,baseline,WT-Veh
0.7268924805858956,7,WT,Veh,LDA,,,False,baseline,WT-Veh
0.6584370168602776,8,WT,Veh,LDA,,,False,baseline,WT-Veh
0.6714182770395656,9,WT,Veh,LDA,,,False,baseline,WT-Veh
0.6342776602557882,10,WT,GluA2,LDA,,,False,baseline,WT-GluA2
0.503792092239016,11,WT,GluA2,LDA,,,False,baseline,WT-GluA2
0.6503236967441266,12,WT,GluA2,LDA,,,False,baseline,WT-GluA2
0.6191495943463619,13,WT,GluA2,LDA,,,False,baseline,WT-GluA2
0.8132097311458079,14,WT,GluA2,LDA,,,False,baseline,WT-GluA2
0.6736194081346977,15,WT,GluA2,LDA,,,False,baseline,WT-GluA2
0.6929044596847873,16,WT,GluA2,LDA,,,False,baseline,WT-GluA2
0.5,17,Tg,Veh,LDA,,,False,baseline,Tg-Veh
0.7123459407507915,18,Tg,Veh,LDA,,,False,baseline,Tg-Veh
0.6169205167315369,19,Tg,Veh,LDA,,,False,baseline,Tg-Veh
0.5057225442097566,20,Tg,Veh,LDA,,,False,baseline,Tg-Veh
0.7199160402964226,21,Tg,Veh,LDA,,,False,baseline,Tg-Veh
0.5,22,Tg,Veh,LDA,,,False,baseline,Tg-Veh
0.4990677800973693,23,Tg,GluA2,LDA,,,False,baseline,Tg-GluA2
0.5545119616577542,24,Tg,GluA2,LDA,,,False,baseline,Tg-GluA2
0.584330863378705,25,Tg,GluA2,LDA,,,False,baseline,Tg-GluA2
0.6841289815811881,26,Tg,GluA2,LDA,,,False,baseline,Tg-GluA2
0.690726647816761,27,Tg,GluA2,LDA,,,False,baseline,Tg-GluA2
0.7329845201823402,28,Tg,GluA2,LDA,,,False,baseline,Tg-GluA2
0.6553471630197973,29,Tg,GluA2,LDA,,,False,baseline,Tg-GluA2
0.7853844915847716,0,WT,Veh,NB,,,False,baseline,WT-Veh
0.7601480221999999,1,WT,Veh,NB,,,False,baseline,WT-Veh
0.7916148366102651,2,WT,Veh,NB,,,False,baseline,WT-Veh
0.7697674529565763,3,WT,Veh,NB,,,False,baseline,WT-Veh
0.7716418680810166,4,WT,Veh,NB,,,False,baseline,WT-Veh
0.6586068024210345,5,WT,Veh,NB,,,False,baseline,WT-Veh
0.8616200283525066,6,WT,Veh,NB,,,False,baseline,WT-Veh
0.6996914583878016,7,WT,Veh,NB,,,False,baseline,WT-Veh
0.6510761308527142,8,WT,Veh,NB,,,False,baseline,WT-Veh
0.855997426334165,9,WT,Veh,NB,,,False,baseline,WT-Veh
0.6901418997160065,10,WT,GluA2,NB,,,False,baseline,WT-GluA2
0.6945176981489118,11,WT,GluA2,NB,,,False,baseline,WT-GluA2
0.7793925148058829,12,WT,GluA2,NB,,,False,baseline,WT-GluA2
0.8359290692385024,13,WT,GluA2,NB,,,False,baseline,WT-GluA2
0.7730696486666122,14,WT,GluA2,NB,,,False,baseline,WT-GluA2
0.6907546512621333,15,WT,GluA2,NB,,,False,baseline,WT-GluA2
0.7209928881609785,16,WT,GluA2,NB,,,False,baseline,WT-GluA2
0.6465252033828985,17,Tg,Veh,NB,,,False,baseline,Tg-Veh
0.9080779813055933,18,Tg,Veh,NB,,,False,baseline,Tg-Veh
0.7733822597486888,19,Tg,Veh,NB,,,False,baseline,Tg-Veh
0.7089671595528397,20,Tg,Veh,NB,,,False,baseline,Tg-Veh
0.6896639267458771,21,Tg,Veh,NB,,,False,baseline,Tg-Veh
0.6952340858559625,22,Tg,Veh,NB,,,False,baseline,Tg-Veh
0.7072627048427438,23,Tg,GluA2,NB,,,False,baseline,Tg-GluA2
0.6910033528687829,24,Tg,GluA2,NB,,,False,baseline,Tg-GluA2
0.7636531472161747,25,Tg,GluA2,NB,,,False,baseline,Tg-GluA2
0.6891981386424838,26,Tg,GluA2,NB,,,False,baseline,Tg-GluA2
0.7660557558401001,27,Tg,GluA2,NB,,,False,baseline,Tg-GluA2
0.7114587864353034,28,Tg,GluA2,NB,,,False,baseline,Tg-GluA2
0.7453845789523539,29,Tg,GluA2,NB,,,False,baseline,Tg-GluA2
0.8963815178233003,0,WT,Veh,QDA,,,False,baseline,WT-Veh
0.8491514960641908,1,WT,Veh,QDA,,,False,baseline,WT-Veh
0.8836529881581694,2,WT,Veh,QDA,,,False,baseline,WT-Veh
0.8171851193361777,3,WT,Veh,QDA,,,False,baseline,WT-Veh
0.7848949520837536,4,WT,Veh,QDA,,,False,baseline,WT-Veh
0.6835969394006224,5,WT,Veh,QDA,,,False,baseline,WT-Veh
0.9364114375244672,6,WT,Veh,QDA,,,False,baseline,WT-Veh
0.7427374944443246,7,WT,Veh,QDA,,,False,baseline,WT-Veh
0.6996572025858283,8,WT,Veh,QDA,,,False,baseline,WT-Veh
0.8926831892867576,9,WT,Veh,QDA,,,False,baseline,WT-Veh
0.707569979492952,10,WT,GluA2,QDA,,,False,baseline,WT-GluA2
0.74678500812732,11,WT,GluA2,QDA,,,False,baseline,WT-GluA2
0.8709850828686423,12,WT,GluA2,QDA,,,False,baseline,WT-GluA2
0.9083428305211344,13,WT,GluA2,QDA,,,False,baseline,WT-GluA2
0.7923499574388694,14,WT,GluA2,QDA,,,False,baseline,WT-GluA2
0.7172029806382441,15,WT,GluA2,QDA,,,False,baseline,WT-GluA2
0.7626636278246193,16,WT,GluA2,QDA,,,False,baseline,WT-GluA2
0.7382858325857429,17,Tg,Veh,QDA,,,False,baseline,Tg-Veh
0.6239998755347943,18,Tg,Veh,QDA,,,False,baseline,Tg-Veh
0.9792910447761194,19,Tg,Veh,QDA,,,False,baseline,Tg-Veh
0.9043425220015606,20,Tg,Veh,QDA,,,False,baseline,Tg-Veh
0.7720921407792111,21,Tg,Veh,QDA,,,False,baseline,Tg-Veh
0.7131300664523432,22,Tg,Veh,QDA,,,False,baseline,Tg-Veh
0.6589164774265088,23,Tg,Veh,QDA,,,False,baseline,Tg-Veh
0.7263761059905324,24,Tg,GluA2,QDA,,,False,baseline,Tg-GluA2
0.7087886813257434,25,Tg,GluA2,QDA,,,False,baseline,Tg-GluA2
0.7977029283622612,26,Tg,GluA2,QDA,,,False,baseline,Tg-GluA2
0.7006510566310459,27,Tg,GluA2,QDA,,,False,baseline,Tg-GluA2
0.8472078528856636,28,Tg,GluA2,QDA,,,False,baseline,Tg-GluA2
0.7815738131623887,29,Tg,GluA2,QDA,,,False,baseline,Tg-GluA2
0.8991735341479588,30,Tg,GluA2,QDA,,,False,baseline,Tg-GluA2
0.9632974084266672,0,WT,Veh,NN,,,False,baseline,WT-Veh
0.9641897694652,1,WT,Veh,NN,,,False,baseline,WT-Veh
0.8048397272972787,2,WT,Veh,NN,,,False,baseline,WT-Veh
0.970393336191148,3,WT,Veh,NN,,,False,baseline,WT-Veh
0.9308054003172004,4,WT,Veh,NN,,,False,baseline,WT-Veh
0.8349856036658581,5,WT,Veh,NN,,,False,baseline,WT-Veh
0.985136912855304,6,WT,Veh,NN,,,False,baseline,WT-Veh
0.8928881285384547,7,WT,Veh,NN,,,False,baseline,WT-Veh
0.8563230907054635,8,WT,Veh,NN,,,False,baseline,WT-Veh
0.977685608742508,9,WT,Veh,NN,,,False,baseline,WT-Veh
0.8125781952503865,10,WT,GluA2,NN,,,False,baseline,WT-GluA2
0.5870241878745239,11,WT,GluA2,NN,,,False,baseline,WT-GluA2
0.9682458908797013,12,WT,GluA2,NN,,,False,baseline,WT-GluA2
0.97892893163219,13,WT,GluA2,NN,,,False,baseline,WT-GluA2
0.901245972240037,14,WT,GluA2,NN,,,False,baseline,WT-GluA2
0.7963915575496578,15,WT,GluA2,NN,,,False,baseline,WT-GluA2
0.867653379996274,16,WT,GluA2,NN,,,False,baseline,WT-GluA2
0.6421632636747933,17,Tg,Veh,NN,,,False,baseline,Tg-Veh
0.9847584991708126,18,Tg,Veh,NN,,,False,baseline,Tg-Veh
0.891222798327968,19,Tg,Veh,NN,,,False,baseline,Tg-Veh
0.626894482511343,20,Tg,Veh,NN,,,False,baseline,Tg-Veh
0.8055010167881594,21,Tg,Veh,NN,,,False,baseline,Tg-Veh
0.5018859008425328,22,Tg,Veh,NN,,,False,baseline,Tg-Veh
0.7046469136945439,23,Tg,GluA2,NN,,,False,baseline,Tg-GluA2
0.7715339314283008,24,Tg,GluA2,NN,,,False,baseline,Tg-GluA2
0.9286205843218088,25,Tg,GluA2,NN,,,False,baseline,Tg-GluA2
0.7207995757057755,26,Tg,GluA2,NN,,,False,baseline,Tg-GluA2
0.9525806173756586,27,Tg,GluA2,NN,,,False,baseline,Tg-GluA2
0.9402735823220212,28,Tg,GluA2,NN,,,False,baseline,Tg-GluA2
0.9673581509898646,29,Tg,GluA2,NN,,,False,baseline,Tg-GluA2
0.9751026363220748,0,WT,Veh,SVM,,,False,baseline,WT-Veh
0.9806150956573368,1,WT,Veh,SVM,,,False,baseline,WT-Veh
0.8907302124844365,2,WT,Veh,SVM,,,False,baseline,WT-Veh
0.9733245218981048,3,WT,Veh,SVM,,,False,baseline,WT-Veh
0.9393947286196244,4,WT,Veh,SVM,,,False,baseline,WT-Veh
0.8360838295474038,5,WT,Veh,SVM,,,False,baseline,WT-Veh
0.987999697719053,6,WT,Veh,SVM,,,False,baseline,WT-Veh
0.9433777635629894,7,WT,Veh,SVM,,,False,baseline,WT-Veh
0.8779378314414115,8,WT,Veh,SVM,,,False,baseline,WT-Veh
0.9899943305418576,9,WT,Veh,SVM,,,False,baseline,WT-Veh
0.8087636902335992,10,WT,GluA2,SVM,,,False,baseline,WT-GluA2
0.6149189390814915,11,WT,GluA2,SVM,,,False,baseline,WT-GluA2
0.9755163845967912,12,WT,GluA2,SVM,,,False,baseline,WT-GluA2
0.986472919511978,13,WT,GluA2,SVM,,,False,baseline,WT-GluA2
0.9274000396459848,14,WT,GluA2,SVM,,,False,baseline,WT-GluA2
0.8120309423822762,15,WT,GluA2,SVM,,,False,baseline,WT-GluA2
0.8944956225611986,16,WT,GluA2,SVM,,,False,baseline,WT-GluA2
0.5839976800561663,17,Tg,Veh,SVM,,,False,baseline,Tg-Veh
0.987936736770692,18,Tg,Veh,SVM,,,False,baseline,Tg-Veh
0.9476775334529672,19,Tg,Veh,SVM,,,False,baseline,Tg-Veh
0.6891802302568917,20,Tg,Veh,SVM,,,False,baseline,Tg-Veh
0.8143204156996025,21,Tg,Veh,SVM,,,False,baseline,Tg-Veh
0.5002227752014446,22,Tg,Veh,SVM,,,False,baseline,Tg-Veh
0.6472066112391346,23,Tg,GluA2,SVM,,,False,baseline,Tg-GluA2
0.786920634759571,24,Tg,GluA2,SVM,,,False,baseline,Tg-GluA2
0.9538591146833996,25,Tg,GluA2,SVM,,,False,baseline,Tg-GluA2
0.6827962534626819,26,Tg,GluA2,SVM,,,False,baseline,Tg-GluA2
0.9664775489038658,27,Tg,GluA2,SVM,,,False,baseline,Tg-GluA2
0.9637818592712885,28,Tg,GluA2,SVM,,,False,baseline,Tg-GluA2
0.972669792554703,29,Tg,GluA2,SVM,,,False,baseline,Tg-GluA2
0.563629063453243,0,WT,Veh,LDA,25.0,600.0,False,c25_t600,WT-Veh
0.6370533905618602,1,WT,Veh,LDA,25.0,600.0,False,c25_t600,WT-Veh
0.5188109997114287,2,WT,Veh,LDA,25.0,600.0,False,c25_t600,WT-Veh
0.671377768421632,3,WT,Veh,LDA,25.0,600.0,False,c25_t600,WT-Veh
0.6977991551869387,4,WT,Veh,LDA,25.0,600.0,False,c25_t600,WT-Veh
0.6262905854100811,5,WT,Veh,LDA,25.0,600.0,False,c25_t600,WT-Veh
0.5270368394322498,6,WT,Veh,LDA,25.0,600.0,False,c25_t600,WT-Veh
0.6684364177070962,7,WT,Veh,LDA,25.0,600.0,False,c25_t600,WT-Veh
0.6029951309247823,8,WT,Veh,LDA,25.0,600.0,False,c25_t600,WT-Veh
0.6093417225173848,9,WT,Veh,LDA,25.0,600.0,False,c25_t600,WT-Veh
0.6337447681150983,10,WT,GluA2,LDA,25.0,600.0,False,c25_t600,WT-GluA2
0.4991804446978335,11,WT,GluA2,LDA,25.0,600.0,False,c25_t600,WT-GluA2
0.5650067443552022,12,WT,GluA2,LDA,25.0,600.0,False,c25_t600,WT-GluA2
0.523041457769247,13,WT,GluA2,LDA,25.0,600.0,False,c25_t600,WT-GluA2
0.7530715143600089,14,WT,GluA2,LDA,25.0,600.0,False,c25_t600,WT-GluA2
0.6697720771240615,15,WT,GluA2,LDA,25.0,600.0,False,c25_t600,WT-GluA2
0.6053225622130552,16,WT,GluA2,LDA,25.0,600.0,False,c25_t600,WT-GluA2
0.4997853340202645,17,Tg,Veh,LDA,25.0,600.0,False,c25_t600,Tg-Veh
0.5006313131313131,18,Tg,Veh,LDA,25.0,600.0,False,c25_t600,Tg-Veh
0.5019602940160598,19,Tg,Veh,LDA,25.0,600.0,False,c25_t600,Tg-Veh
0.5012826523306486,20,Tg,Veh,LDA,25.0,600.0,False,c25_t600,Tg-Veh
0.628315867567218,21,Tg,Veh,LDA,25.0,600.0,False,c25_t600,Tg-Veh
0.5,22,Tg,Veh,LDA,25.0,600.0,False,c25_t600,Tg-Veh
0.4992000990672705,23,Tg,GluA2,LDA,25.0,600.0,False,c25_t600,Tg-GluA2
0.5227784526358361,24,Tg,GluA2,LDA,25.0,600.0,False,c25_t600,Tg-GluA2
0.5212443230374437,25,Tg,GluA2,LDA,25.0,600.0,False,c25_t600,Tg-GluA2
0.6855276072928387,26,Tg,GluA2,LDA,25.0,600.0,False,c25_t600,Tg-GluA2
0.5531638491703348,27,Tg,GluA2,LDA,25.0,600.0,False,c25_t600,Tg-GluA2
0.641860163869436,28,Tg,GluA2,LDA,25.0,600.0,False,c25_t600,Tg-GluA2
0.5185350951974993,29,Tg,GluA2,LDA,25.0,600.0,False,c25_t600,Tg-GluA2
0.7377395582007984,0,WT,Veh,NB,25.0,600.0,False,c25_t600,WT-Veh
0.7092553123670897,1,WT,Veh,NB,25.0,600.0,False,c25_t600,WT-Veh
0.6788004804508883,2,WT,Veh,NB,25.0,600.0,False,c25_t600,WT-Veh
0.7330228444468001,3,WT,Veh,NB,25.0,600.0,False,c25_t600,WT-Veh
0.7033245134216907,4,WT,Veh,NB,25.0,600.0,False,c25_t600,WT-Veh
0.6202005072410498,5,WT,Veh,NB,25.0,600.0,False,c25_t600,WT-Veh
0.7412076520640485,6,WT,Veh,NB,25.0,600.0,False,c25_t600,WT-Veh
0.6548447798553931,7,WT,Veh,NB,25.0,600.0,False,c25_t600,WT-Veh
0.607221444551933,8,WT,Veh,NB,25.0,600.0,False,c25_t600,WT-Veh
0.7489439935515014,9,WT,Veh,NB,25.0,600.0,False,c25_t600,WT-Veh
0.688987165304921,10,WT,GluA2,NB,25.0,600.0,False,c25_t600,WT-GluA2
0.619387145491157,11,WT,GluA2,NB,25.0,600.0,False,c25_t600,WT-GluA2
0.6847320691646368,12,WT,GluA2,NB,25.0,600.0,False,c25_t600,WT-GluA2
0.7554970939826686,13,WT,GluA2,NB,25.0,600.0,False,c25_t600,WT-GluA2
0.722023344488625,14,WT,GluA2,NB,25.0,600.0,False,c25_t600,WT-GluA2
0.6879785868725361,15,WT,GluA2,NB,25.0,600.0,False,c25_t600,WT-GluA2
0.6504561387101865,16,WT,GluA2,NB,25.0,600.0,False,c25_t600,WT-GluA2
0.5856571096733737,17,Tg,Veh,NB,25.0,600.0,False,c25_t600,Tg-Veh
0.7699103912256897,18,Tg,Veh,NB,25.0,600.0,False,c25_t600,Tg-Veh
0.6472839309144001,19,Tg,Veh,NB,25.0,600.0,False,c25_t600,Tg-Veh
0.6275421964632195,20,Tg,Veh,NB,25.0,600.0,False,c25_t600,Tg-Veh
0.5970434114471668,21,Tg,Veh,NB,25.0,600.0,False,c25_t600,Tg-Veh
0.5588708472645968,22,Tg,Veh,NB,25.0,600.0,False,c25_t600,Tg-Veh
0.6889657225336219,23,Tg,GluA2,NB,25.0,600.0,False,c25_t600,Tg-GluA2
0.6815280195750714,24,Tg,GluA2,NB,25.0,600.0,False,c25_t600,Tg-GluA2
0.7243321310217209,25,Tg,GluA2,NB,25.0,600.0,False,c25_t600,Tg-GluA2
0.6880329552350277,26,Tg,GluA2,NB,25.0,600.0,False,c25_t600,Tg-GluA2
0.7166669550738329,27,Tg,GluA2,NB,25.0,600.0,False,c25_t600,Tg-GluA2
0.6866113425923912,28,Tg,GluA2,NB,25.0,600.0,False,c25_t600,Tg-GluA2
0.6109358719333144,29,Tg,GluA2,NB,25.0,600.0,False,c25_t600,Tg-GluA2
0.7860014274726599,0,WT,Veh,QDA,25.0,600.0,False,c25_t600,WT-Veh
0.7604266639771415,1,WT,Veh,QDA,25.0,600.0,False,c25_t600,WT-Veh
0.7113819093007265,2,WT,Veh,QDA,25.0,600.0,False,c25_t600,WT-Veh
0.7424580301839561,3,WT,Veh,QDA,25.0,600.0,False,c25_t600,WT-Veh
0.7115426144116566,4,WT,Veh,QDA,25.0,600.0,False,c25_t600,WT-Veh
0.6292539023254674,5,WT,Veh,QDA,25.0,600.0,False,c25_t600,WT-Veh
0.817639892125912,6,WT,Veh,QDA,25.0,600.0,False,c25_t600,WT-Veh
0.6772105254789855,7,WT,Veh,QDA,25.0,600.0,False,c25_t600,WT-Veh
0.6315650452372649,8,WT,Veh,QDA,25.0,600.0,False,c25_t600,WT-Veh
0.7764063851685081,9,WT,Veh,QDA,25.0,600.0,False,c25_t600,WT-Veh
0.7076995232273048,10,WT,GluA2,QDA,25.0,600.0,False,c25_t600,WT-GluA2
0.6722010783861812,11,WT,GluA2,QDA,25.0,600.0,False,c25_t600,WT-GluA2
0.7467523274779783,12,WT,GluA2,QDA,25.0,600.0,False,c25_t600,WT-GluA2
0.794486193771401,13,WT,GluA2,QDA,25.0,600.0,False,c25_t600,WT-GluA2
0.7356216062842773,14,WT,GluA2,QDA,25.0,600.0,False,c25_t600,WT-GluA2
0.7142409784244528,15,WT,GluA2,QDA,25.0,600.0,False,c25_t600,WT-GluA2
0.6751237871958681,16,WT,GluA2,QDA,25.0,600.0,False,c25_t600,WT-GluA2
0.828307225174246,17,Tg,Veh,QDA,25.0,600.0,False,c25_t600,Tg-Veh
0.5,18,Tg,Veh,QDA,25.0,600.0,False,c25_t600,Tg-Veh
0.8120411201567919,19,Tg,Veh,QDA,25.0,600.0,False,c25_t600,Tg-Veh
0.668947507889154,20,Tg,Veh,QDA,25.0,600.0,False,c25_t600,Tg-Veh
0.6253810713914995,21,Tg,Veh,QDA,25.0,600.0,False,c25_t600,Tg-Veh
0.6088829245383616,22,Tg,Veh,QDA,25.0,600.0,False,c25_t600,Tg-Veh
0.5,23,Tg,Veh,QDA,25.0,600.0,False,c25_t600,Tg-Veh
0.6990159645811915,24,Tg,GluA2,QDA,25.0,600.0,False,c25_t600,Tg-GluA2
0.6926407695121356,25,Tg,GluA2,QDA,25.0,600.0,False,c25_t600,Tg-GluA2
0.7381830959426559,26,Tg,GluA2,QDA,25.0,600.0,False,c25_t600,Tg-GluA2
0.7012208921446013,27,Tg,GluA2,QDA,25.0,600.0,False,c25_t600,Tg-GluA2
0.7492032228389087,28,Tg,GluA2,QDA,25.0,600.0,False,c25_t600,Tg-GluA2
0.6946608887994374,29,Tg,GluA2,QDA,25.0,600.0,False,c25_t600,Tg-GluA2
0.6934782608695652,30,Tg,GluA2,QDA,25.0,600.0,False,c25_t600,Tg-GluA2
0.9103453154500144,0,WT,Veh,NN,25.0,600.0,False,c25_t600,WT-Veh
0.9255299141476948,1,WT,Veh,NN,25.0,600.0,False,c25_t600,WT-Veh
0.6637112980559319,2,WT,Veh,NN,25.0,600.0,False,c25_t600,WT-Veh
0.9525349077718626,3,WT,Veh,NN,25.0,600.0,False,c25_t600,WT-Veh
0.8706913545090316,4,WT,Veh,NN,25.0,600.0,False,c25_t600,WT-Veh
0.758163456590458,5,WT,Veh,NN,25.0,600.0,False,c25_t600,WT-Veh
0.9647349329856456,6,WT,Veh,NN,25.0,600.0,False,c25_t600,WT-Veh
0.8268450598409822,7,WT,Veh,NN,25.0,600.0,False,c25_t600,WT-Veh
0.7944760773013035,8,WT,Veh,NN,25.0,600.0,False,c25_t600,WT-Veh
0.920382382713492,9,WT,Veh,NN,25.0,600.0,False,c25_t600,WT-Veh
0.8029466752058791,10,WT,GluA2,NN,25.0,600.0,False,c25_t600,WT-GluA2
0.5090756083359615,11,WT,GluA2,NN,25.0,600.0,False,c25_t600,WT-GluA2
0.94454688947803,12,WT,GluA2,NN,25.0,600.0,False,c25_t600,WT-GluA2
0.962615085831598,13,WT,GluA2,NN,25.0,600.0,False,c25_t600,WT-GluA2
0.8087695363363223,14,WT,GluA2,NN,25.0,600.0,False,c25_t600,WT-GluA2
0.7852617634660575,15,WT,GluA2,NN,25.0,600.0,False,c25_t600,WT-GluA2
0.7385262751470192,16,WT,GluA2,NN,25.0,600.0,False,c25_t600,WT-GluA2
0.5498192973263888,17,Tg,Veh,NN,25.0,600.0,False,c25_t600,Tg-Veh
0.8657116877732549,18,Tg,Veh,NN,25.0,600.0,False,c25_t600,Tg-Veh
0.7890005857309543,19,Tg,Veh,NN,25.0,600.0,False,c25_t600,Tg-Veh
0.5726457489470609,20,Tg,Veh,NN,25.0,600.0,False,c25_t600,Tg-Veh
0.7077534540168993,21,Tg,Veh,NN,25.0,600.0,False,c25_t600,Tg-Veh
0.5,22,Tg,Veh,NN,25.0,600.0,False,c25_t600,Tg-Veh
0.6489339499147972,23,Tg,GluA2,NN,25.0,600.0,False,c25_t600,Tg-GluA2
0.7278582131272617,24,Tg,GluA2,NN,25.0,600.0,False,c25_t600,Tg-GluA2
0.8350032926650063,25,Tg,GluA2,NN,25.0,600.0,False,c25_t600,Tg-GluA2
0.7205336352969014,26,Tg,GluA2,NN,25.0,600.0,False,c25_t600,Tg-GluA2
0.8476497925595204,27,Tg,GluA2,NN,25.0,600.0,False,c25_t600,Tg-GluA2
0.8896938366032092,28,Tg,GluA2,NN,25.0,600.0,False,c25_t600,Tg-GluA2
0.9060244387610116,29,Tg,GluA2,NN,25.0,600.0,False,c25_t600,Tg-GluA2
0.93245446773531,0,WT,Veh,SVM,25.0,600.0,False,c25_t600,WT-Veh
0.930126252270476,1,WT,Veh,SVM,25.0,600.0,False,c25_t600,WT-Veh
0.6404683297392044,2,WT,Veh,SVM,25.0,600.0,False,c25_t600,WT-Veh
0.9500220851158506,3,WT,Veh,SVM,25.0,600.0,False,c25_t600,WT-Veh
0.8689483145267505,4,WT,Veh,SVM,25.0,600.0,False,c25_t600,WT-Veh
0.7700245043985396,5,WT,Veh,SVM,25.0,600.0,False,c25_t600,WT-Veh
0.9519134987974676,6,WT,Veh,SVM,25.0,600.0,False,c25_t600,WT-Veh
0.8295612960957778,7,WT,Veh,SVM,25.0,600.0,False,c25_t600,WT-Veh
0.7896852513207682,8,WT,Veh,SVM,25.0,600.0,False,c25_t600,WT-Veh
0.9237036091092244,9,WT,Veh,SVM,25.0,600.0,False,c25_t600,WT-Veh
0.8065291012478895,10,WT,GluA2,SVM,25.0,600.0,False,c25_t600,WT-GluA2
0.5062760802057303,11,WT,GluA2,SVM,25.0,600.0,False,c25_t600,WT-GluA2
0.9458253878588108,12,WT,GluA2,SVM,25.0,600.0,False,c25_t600,WT-GluA2
0.9570868132983608,13,WT,GluA2,SVM,25.0,600.0,False,c25_t600,WT-GluA2
0.8088272173571676,14,WT,GluA2,SVM,25.0,600.0,False,c25_t600,WT-GluA2
0.7953589243114292,15,WT,GluA2,SVM,25.0,600.0,False,c25_t600,WT-GluA2
0.7390856110036288,16,WT,GluA2,SVM,25.0,600.0,False,c25_t600,WT-GluA2
0.515881678119473,17,Tg,Veh,SVM,25.0,600.0,False,c25_t600,Tg-Veh
0.8651519862807175,18,Tg,Veh,SVM,25.0,600.0,False,c25_t600,Tg-Veh
0.7847669748140131,19,Tg,Veh,SVM,25.0,600.0,False,c25_t600,Tg-Veh
0.5594492663360987,20,Tg,Veh,SVM,25.0,600.0,False,c25_t600,Tg-Veh
0.7052705095133407,21,Tg,Veh,SVM,25.0,600.0,False,c25_t600,Tg-Veh
0.5,22,Tg,Veh,SVM,25.0,600.0,False,c25_t600,Tg-Veh
0.5730422302607133,23,Tg,GluA2,SVM,25.0,600.0,False,c25_t600,Tg-GluA2
0.7260004609650985,24,Tg,GluA2,SVM,25.0,600.0,False,c25_t600,Tg-GluA2
0.8457911799587148,25,Tg,GluA2,SVM,25.0,600.0,False,c25_t600,Tg-GluA2
0.6933108953155407,26,Tg,GluA2,SVM,25.0,600.0,False,c25_t600,Tg-GluA2
0.8395373501136678,27,Tg,GluA2,SVM,25.0,600.0,False,c25_t600,Tg-GluA2
0.8890195369592597,28,Tg,GluA2,SVM,25.0,600.0,False,c25_t600,Tg-GluA2
0.8971061854693568,29,Tg,GluA2,SVM,25.0,600.0,False,c25_t600,Tg-GluA2
0.5635848412568139,0,WT,Veh,LDA,25.0,,False,c25,WT-Veh
0.6338689199051182,1,WT,Veh,LDA,25.0,,False,c25,WT-Veh
0.5166007983997307,2,WT,Veh,LDA,25.0,,False,c25,WT-Veh
0.6727248828825856,3,WT,Veh,LDA,25.0,,False,c25,WT-Veh
0.6986288201489497,4,WT,Veh,LDA,25.0,,False,c25,WT-Veh
0.6251871523438457,5,WT,Veh,LDA,25.0,,False,c25,WT-Veh
0.5265040780812497,6,WT,Veh,LDA,25.0,,False,c25,WT-Veh
0.6688877328378038,7,WT,Veh,LDA,25.0,,False,c25,WT-Veh
0.603873823828484,8,WT,Veh,LDA,25.0,,False,c25,WT-Veh
0.6090025769235531,9,WT,Veh,LDA,25.0,,False,c25,WT-Veh
0.6332440597486108,10,WT,GluA2,LDA,25.0,,False,c25,WT-GluA2
0.4991804446978335,11,WT,GluA2,LDA,25.0,,False,c25,WT-GluA2
0.5664722858576943,12,WT,GluA2,LDA,25.0,,False,c25,WT-GluA2
0.5236880988724425,13,WT,GluA2,LDA,25.0,,False,c25,WT-GluA2
0.7536122544961268,14,WT,GluA2,LDA,25.0,,False,c25,WT-GluA2
0.6684572746706774,15,WT,GluA2,LDA,25.0,,False,c25,WT-GluA2
0.6046036992419758,16,WT,GluA2,LDA,25.0,,False,c25,WT-GluA2
0.4997853340202645,17,Tg,Veh,LDA,25.0,,False,c25,Tg-Veh
0.5025252525252525,18,Tg,Veh,LDA,25.0,,False,c25,Tg-Veh
0.5007534317014829,19,Tg,Veh,LDA,25.0,,False,c25,Tg-Veh
0.501759531014795,20,Tg,Veh,LDA,25.0,,False,c25,Tg-Veh
0.626574962886665,21,Tg,Veh,LDA,25.0,,False,c25,Tg-Veh
0.5,22,Tg,Veh,LDA,25.0,,False,c25,Tg-Veh
0.4988794433355245,23,Tg,GluA2,LDA,25.0,,False,c25,Tg-GluA2
0.5221320022362123,24,Tg,GluA2,LDA,25.0,,False,c25,Tg-GluA2
0.5187005483247714,25,Tg,GluA2,LDA,25.0,,False,c25,Tg-GluA2
0.6871594499627375,26,Tg,GluA2,LDA,25.0,,False,c25,Tg-GluA2
0.5542708493246246,27,Tg,GluA2,LDA,25.0,,False,c25,Tg-GluA2
0.6405838692445768,28,Tg,GluA2,LDA,25.0,,False,c25,Tg-GluA2
0.5176233778535569,29,Tg,GluA2,LDA,25.0,,False,c25,Tg-GluA2
0.7384347891249874,0,WT,Veh,NB,25.0,,False,c25,WT-Veh
0.7072484921374207,1,WT,Veh,NB,25.0,,False,c25,WT-Veh
0.6750221922277758,2,WT,Veh,NB,25.0,,False,c25,WT-Veh
0.7326060718384526,3,WT,Veh,NB,25.0,,False,c25,WT-Veh
0.7032062356379802,4,WT,Veh,NB,25.0,,False,c25,WT-Veh
0.6204578646867113,5,WT,Veh,NB,25.0,,False,c25,WT-Veh
0.7435397257611662,6,WT,Veh,NB,25.0,,False,c25,WT-Veh
0.6554687769557874,7,WT,Veh,NB,25.0,,False,c25,WT-Veh
0.6088304198314867,8,WT,Veh,NB,25.0,,False,c25,WT-Veh
0.7493478305672507,9,WT,Veh,NB,25.0,,False,c25,WT-Veh
0.6896664208408536,10,WT,GluA2,NB,25.0,,False,c25,WT-GluA2
0.620272811082268,11,WT,GluA2,NB,25.0,,False,c25,WT-GluA2
0.6856140217236285,12,WT,GluA2,NB,25.0,,False,c25,WT-GluA2
0.7543315115198468,13,WT,GluA2,NB,25.0,,False,c25,WT-GluA2
0.7218482802582431,14,WT,GluA2,NB,25.0,,False,c25,WT-GluA2
0.6873812481164465,15,WT,GluA2,NB,25.0,,False,c25,WT-GluA2
0.6521661927881651,16,WT,GluA2,NB,25.0,,False,c25,WT-GluA2
0.5853082603469002,17,Tg,Veh,NB,25.0,,False,c25,Tg-Veh
0.7695372568973315,18,Tg,Veh,NB,25.0,,False,c25,Tg-Veh
0.6469789598866476,19,Tg,Veh,NB,25.0,,False,c25,Tg-Veh
0.6297538154667324,20,Tg,Veh,NB,25.0,,False,c25,Tg-Veh
0.5972856407126668,21,Tg,Veh,NB,25.0,,False,c25,Tg-Veh
0.5576378952869043,22,Tg,Veh,NB,25.0,,False,c25,Tg-Veh
0.6886998294337938,23,Tg,GluA2,NB,25.0,,False,c25,Tg-GluA2
0.6804701916484142,24,Tg,GluA2,NB,25.0,,False,c25,Tg-GluA2
0.7235354211589866,25,Tg,GluA2,NB,25.0,,False,c25,Tg-GluA2
0.6889132208857062,26,Tg,GluA2,NB,25.0,,False,c25,Tg-GluA2
0.7182833241751974,27,Tg,GluA2,NB,25.0,,False,c25,Tg-GluA2
0.6887319530482452,28,Tg,GluA2,NB,25.0,,False,c25,Tg-GluA2
0.6133158094155536,29,Tg,GluA2,NB,25.0,,False,c25,Tg-GluA2
0.785773601126777,0,WT,Veh,QDA,25.0,,False,c25,WT-Veh
0.7608376570303647,1,WT,Veh,QDA,25.0,,False,c25,WT-Veh
0.7086719708259672,2,WT,Veh,QDA,25.0,,False,c25,WT-Veh
0.7429736305958692,3,WT,Veh,QDA,25.0,,False,c25,WT-Veh
0.7119250742573279,4,WT,Veh,QDA,25.0,,False,c25,WT-Veh
0.6288167438555221,5,WT,Veh,QDA,25.0,,False,c25,WT-Veh
0.8179777757369013,6,WT,Veh,QDA,25.0,,False,c25,WT-Veh
0.6773661701540508,7,WT,Veh,QDA,25.0,,False,c25,WT-Veh
0.6315524859059316,8,WT,Veh,QDA,25.0,,False,c25,WT-Veh
0.776335418352893,9,WT,Veh,QDA,25.0,,False,c25,WT-Veh
0.7078395792497137,10,WT,GluA2,QDA,25.0,,False,c25,WT-GluA2
0.6708573412746548,11,WT,GluA2,QDA,25.0,,False,c25,WT-GluA2
0.7466588059171225,12,WT,GluA2,QDA,25.0,,False,c25,WT-GluA2
0.7952002470399715,13,WT,GluA2,QDA,25.0,,False,c25,WT-GluA2
0.7357052515382253,14,WT,GluA2,QDA,25.0,,False,c25,WT-GluA2
0.714390723857217,15,WT,GluA2,QDA,25.0,,False,c25,WT-GluA2
0.6736807201690175,16,WT,GluA2,QDA,25.0,,False,c25,WT-GluA2
0.8538058105030708,17,Tg,Veh,QDA,25.0,,False,c25,Tg-Veh
0.5,18,Tg,Veh,QDA,25.0,,False,c25,Tg-Veh
0.8089561661390019,19,Tg,Veh,QDA,25.0,,False,c25,Tg-Veh
0.6709800187336172,20,Tg,Veh,QDA,25.0,,False,c25,Tg-Veh
0.6200902731120954,21,Tg,Veh,QDA,25.0,,False,c25,Tg-Veh
0.6081562367418614,22,Tg,Veh,QDA,25.0,,False,c25,Tg-Veh
0.5,23,Tg,Veh,QDA,25.0,,False,c25,Tg-Veh
0.6980682434522443,24,Tg,GluA2,QDA,25.0,,False,c25,Tg-GluA2
0.6932771936792698,25,Tg,GluA2,QDA,25.0,,False,c25,Tg-GluA2
0.738098665007161,26,Tg,GluA2,QDA,25.0,,False,c25,Tg-GluA2
0.700572942068386,27,Tg,GluA2,QDA,25.0,,False,c25,Tg-GluA2
0.7482982446540912,28,Tg,GluA2,QDA,25.0,,False,c25,Tg-GluA2
0.6942912850146947,29,Tg,GluA2,QDA,25.0,,False,c25,Tg-GluA2
0.695881879321777,30,Tg,GluA2,QDA,25.0,,False,c25,Tg-GluA2
0.9195459361022456,0,WT,Veh,NN,25.0,,False,c25,WT-Veh
0.9225688707134504,1,WT,Veh,NN,25.0,,False,c25,WT-Veh
0.6579340611805745,2,WT,Veh,NN,25.0,,False,c25,WT-Veh
0.9537451291976882,3,WT,Veh,NN,25.0,,False,c25,WT-Veh
0.8692245596965634,4,WT,Veh,NN,25.0,,False,c25,WT-Veh
0.7565222744982725,5,WT,Veh,NN,25.0,,False,c25,WT-Veh
0.9616151475910092,6,WT,Veh,NN,25.0,,False,c25,WT-Veh
0.8254628948834217,7,WT,Veh,NN,25.0,,False,c25,WT-Veh
0.7929393674936625,8,WT,Veh,NN,25.0,,False,c25,WT-Veh
0.9195068795632272,9,WT,Veh,NN,25.0,,False,c25,WT-Veh
0.8168206312548114,10,WT,GluA2,NN,25.0,,False,c25,WT-GluA2
0.5,11,WT,GluA2,NN,25.0,,False,c25,WT-GluA2
0.940062113954777,12,WT,GluA2,NN,25.0,,False,c25,WT-GluA2
0.9642311796905024,13,WT,GluA2,NN,25.0,,False,c25,WT-GluA2
0.8131132592497581,14,WT,GluA2,NN,25.0,,False,c25,WT-GluA2
0.7859298909721811,15,WT,GluA2,NN,25.0,,False,c25,WT-GluA2
0.7364287572868016,16,WT,GluA2,NN,25.0,,False,c25,WT-GluA2
0.5419507968236917,17,Tg,Veh,NN,25.0,,False,c25,Tg-Veh
0.8582042439318558,18,Tg,Veh,NN,25.0,,False,c25,Tg-Veh
0.7876623115560031,19,Tg,Veh,NN,25.0,,False,c25,Tg-Veh
0.5836798137199769,20,Tg,Veh,NN,25.0,,False,c25,Tg-Veh
0.7025389075558439,21,Tg,Veh,NN,25.0,,False,c25,Tg-Veh
0.5,22,Tg,Veh,NN,25.0,,False,c25,Tg-Veh
0.6349792941271213,23,Tg,GluA2,NN,25.0,,False,c25,Tg-GluA2
0.7384768993187477,24,Tg,GluA2,NN,25.0,,False,c25,Tg-GluA2
0.8317451325746464,25,Tg,GluA2,NN,25.0,,False,c25,Tg-GluA2
0.7227619525904321,26,Tg,GluA2,NN,25.0,,False,c25,Tg-GluA2
0.84036936450786,27,Tg,GluA2,NN,25.0,,False,c25,Tg-GluA2
0.8871274483978107,28,Tg,GluA2,NN,25.0,,False,c25,Tg-GluA2
0.8969427867765464,29,Tg,GluA2,NN,25.0,,False,c25,Tg-GluA2
0.927607157936732,0,WT,Veh,SVM,25.0,,False,c25,WT-Veh
0.9294149236292224,1,WT,Veh,SVM,25.0,,False,c25,WT-Veh
0.6489346863218963,2,WT,Veh,SVM,25.0,,False,c25,WT-Veh
0.9492991139835908,3,WT,Veh,SVM,25.0,,False,c25,WT-Veh
0.873060370910903,4,WT,Veh,SVM,25.0,,False,c25,WT-Veh
0.773574579136955,5,WT,Veh,SVM,25.0,,False,c25,WT-Veh
0.952116577274954,6,WT,Veh,SVM,25.0,,False,c25,WT-Veh
0.8320906498865313,7,WT,Veh,SVM,25.0,,False,c25,WT-Veh
0.7967132164145069,8,WT,Veh,SVM,25.0,,False,c25,WT-Veh
0.9278638865049442,9,WT,Veh,SVM,25.0,,False,c25,WT-Veh
0.8061936783951456,10,WT,GluA2,SVM,25.0,,False,c25,WT-GluA2
0.5041127877920376,11,WT,GluA2,SVM,25.0,,False,c25,WT-GluA2
0.9470025969363324,12,WT,GluA2,SVM,25.0,,False,c25,WT-GluA2
0.9551387476034244,13,WT,GluA2,SVM,25.0,,False,c25,WT-GluA2
0.8110161421347419,14,WT,GluA2,SVM,25.0,,False,c25,WT-GluA2
0.7916309202255851,15,WT,GluA2,SVM,25.0,,False,c25,WT-GluA2
0.7369036603360368,16,WT,GluA2,SVM,25.0,,False,c25,WT-GluA2
0.516107111617002,17,Tg,Veh,SVM,25.0,,False,c25,Tg-Veh
0.8503052917232021,18,Tg,Veh,SVM,25.0,,False,c25,Tg-Veh
0.7926813117174845,19,Tg,Veh,SVM,25.0,,False,c25,Tg-Veh
0.5630093927078094,20,Tg,Veh,SVM,25.0,,False,c25,Tg-Veh
0.7076021268984898,21,Tg,Veh,SVM,25.0,,False,c25,Tg-Veh
0.5,22,Tg,Veh,SVM,25.0,,False,c25,Tg-Veh
0.5706703920150937,23,Tg,GluA2,SVM,25.0,,False,c25,Tg-GluA2
0.7329833091012582,24,Tg,GluA2,SVM,25.0,,False,c25,Tg-GluA2
0.8407101070825089,25,Tg,GluA2,SVM,25.0,,False,c25,Tg-GluA2
0.6912376804175983,26,Tg,GluA2,SVM,25.0,,False,c25,Tg-GluA2
0.8420977290400817,27,Tg,GluA2,SVM,25.0,,False,c25,Tg-GluA2
0.8914404767128948,28,Tg,GluA2,SVM,25.0,,False,c25,Tg-GluA2
0.8943307757885763,29,Tg,GluA2,SVM,25.0,,False,c25,Tg-GluA2
0.5044851380224734,0,WT,Veh,LDA,10.0,,False,c10,WT-Veh
0.5705718222135109,1,WT,Veh,LDA,10.0,,False,c10,WT-Veh
0.5,2,WT,Veh,LDA,10.0,,False,c10,WT-Veh
0.620869594226931,3,WT,Veh,LDA,10.0,,False,c10,WT-Veh
0.6495068364203025,4,WT,Veh,LDA,10.0,,False,c10,WT-Veh
0.5903864343649685,5,WT,Veh,LDA,10.0,,False,c10,WT-Veh
0.4983768051046681,6,WT,Veh,LDA,10.0,,False,c10,WT-Veh
0.6238172604518443,7,WT,Veh,LDA,10.0,,False,c10,WT-Veh
0.5477691865814263,8,WT,Veh,LDA,10.0,,False,c10,WT-Veh
0.5731365758509751,9,WT,Veh,LDA,10.0,,False,c10,WT-Veh
0.6154758670211734,10,WT,GluA2,LDA,10.0,,False,c10,WT-GluA2
0.4994298745724059,11,WT,GluA2,LDA,10.0,,False,c10,WT-GluA2
0.5182740409724028,12,WT,GluA2,LDA,10.0,,False,c10,WT-GluA2
0.5051029007519221,13,WT,GluA2,LDA,10.0,,False,c10,WT-GluA2
0.6807034441477473,14,WT,GluA2,LDA,10.0,,False,c10,WT-GluA2
0.655946067234291,15,WT,GluA2,LDA,10.0,,False,c10,WT-GluA2
0.5514691778767301,16,WT,GluA2,LDA,10.0,,False,c10,WT-GluA2
0.4997853340202645,17,Tg,Veh,LDA,10.0,,False,c10,Tg-Veh
0.4999067164179104,18,Tg,Veh,LDA,10.0,,False,c10,Tg-Veh
0.5,19,Tg,Veh,LDA,10.0,,False,c10,Tg-Veh
0.4999630040695523,20,Tg,Veh,LDA,10.0,,False,c10,Tg-Veh
0.5865586579757559,21,Tg,Veh,LDA,10.0,,False,c10,Tg-Veh
0.5,22,Tg,Veh,LDA,10.0,,False,c10,Tg-Veh
0.498512572611635,23,Tg,GluA2,LDA,10.0,,False,c10,Tg-GluA2
0.4998236953455571,24,Tg,GluA2,LDA,10.0,,False,c10,Tg-GluA2
0.4804498133150431,25,Tg,GluA2,LDA,10.0,,False,c10,Tg-GluA2
0.6857867873233248,26,Tg,GluA2,LDA,10.0,,False,c10,Tg-GluA2
0.5299199877960266,27,Tg,GluA2,LDA,10.0,,False,c10,Tg-GluA2
0.5978790849726017,28,Tg,GluA2,LDA,10.0,,False,c10,Tg-GluA2
0.498399166429857,29,Tg,GluA2,LDA,10.0,,False,c10,Tg-GluA2
0.6982579507044989,0,WT,Veh,NB,10.0,,False,c10,WT-Veh
0.6333167648438474,1,WT,Veh,NB,10.0,,False,c10,WT-Veh
0.6032823967490338,2,WT,Veh,NB,10.0,,False,c10,WT-Veh
0.6961303918423248,3,WT,Veh,NB,10.0,,False,c10,WT-Veh
0.6445461305109617,4,WT,Veh,NB,10.0,,False,c10,WT-Veh
0.6026582984145654,5,WT,Veh,NB,10.0,,False,c10,WT-Veh
0.6790308068639468,6,WT,Veh,NB,10.0,,False,c10,WT-Veh
0.6092999185970268,7,WT,Veh,NB,10.0,,False,c10,WT-Veh
0.5783414922958037,8,WT,Veh,NB,10.0,,False,c10,WT-Veh
0.6674349108792934,9,WT,Veh,NB,10.0,,False,c10,WT-Veh
0.6644555281696974,10,WT,GluA2,NB,10.0,,False,c10,WT-GluA2
0.6219892525291735,11,WT,GluA2,NB,10.0,,False,c10,WT-GluA2
0.618860245227319,12,WT,GluA2,NB,10.0,,False,c10,WT-GluA2
0.7294220209183309,13,WT,GluA2,NB,10.0,,False,c10,WT-GluA2
0.648491159334103,14,WT,GluA2,NB,10.0,,False,c10,WT-GluA2
0.6790201485061602,15,WT,GluA2,NB,10.0,,False,c10,WT-GluA2
0.6081916820567167,16,WT,GluA2,NB,10.0,,False,c10,WT-GluA2
0.5856303277541166,17,Tg,Veh,NB,10.0,,False,c10,Tg-Veh
0.7056709822101613,18,Tg,Veh,NB,10.0,,False,c10,Tg-Veh
0.5101526143435893,19,Tg,Veh,NB,10.0,,False,c10,Tg-Veh
0.514096970402115,20,Tg,Veh,NB,10.0,,False,c10,Tg-Veh
0.5598846253613966,21,Tg,Veh,NB,10.0,,False,c10,Tg-Veh
0.5593868431366298,22,Tg,Veh,NB,10.0,,False,c10,Tg-Veh
0.683657663336861,23,Tg,GluA2,NB,10.0,,False,c10,Tg-GluA2
0.585771157404119,24,Tg,GluA2,NB,10.0,,False,c10,Tg-GluA2
0.6821449903169302,25,Tg,GluA2,NB,10.0,,False,c10,Tg-GluA2
0.6882657215013834,26,Tg,GluA2,NB,10.0,,False,c10,Tg-GluA2
0.7113794849892288,27,Tg,GluA2,NB,10.0,,False,c10,Tg-GluA2
0.6390759293130469,28,Tg,GluA2,NB,10.0,,False,c10,Tg-GluA2
0.5412451454011556,29,Tg,GluA2,NB,10.0,,False,c10,Tg-GluA2
0.705494709018329,0,WT,Veh,QDA,10.0,,False,c10,WT-Veh
0.6398012637596326,1,WT,Veh,QDA,10.0,,False,c10,WT-Veh
0.5545747795668424,2,WT,Veh,QDA,10.0,,False,c10,WT-Veh
0.7099500350002762,3,WT,Veh,QDA,10.0,,False,c10,WT-Veh
0.6756305050289316,4,WT,Veh,QDA,10.0,,False,c10,WT-Veh
0.6089267686049646,5,WT,Veh,QDA,10.0,,False,c10,WT-Veh
0.7405302535125721,6,WT,Veh,QDA,10.0,,False,c10,WT-Veh
0.627866133110717,7,WT,Veh,QDA,10.0,,False,c10,WT-Veh
0.5960057644043038,8,WT,Veh,QDA,10.0,,False,c10,WT-Veh
0.6834401824843337,9,WT,Veh,QDA,10.0,,False,c10,WT-Veh
0.6768304319418299,10,WT,GluA2,QDA,10.0,,False,c10,WT-GluA2
0.6422628217569568,11,WT,GluA2,QDA,10.0,,False,c10,WT-GluA2
0.6394969556519936,12,WT,GluA2,QDA,10.0,,False,c10,WT-GluA2
0.7517541072905833,13,WT,GluA2,QDA,10.0,,False,c10,WT-GluA2
0.6704015516350081,14,WT,GluA2,QDA,10.0,,False,c10,WT-GluA2
0.7035604675812874,15,WT,GluA2,QDA,10.0,,False,c10,WT-GluA2
0.6211499261284318,16,WT,GluA2,QDA,10.0,,False,c10,WT-GluA2
0.5,17,Tg,Veh,QDA,10.0,,False,c10,Tg-Veh
0.7209807967737072,18,Tg,Veh,QDA,10.0,,False,c10,Tg-Veh
0.5266463993094728,19,Tg,Veh,QDA,10.0,,False,c10,Tg-Veh
0.5230999471866933,20,Tg,Veh,QDA,10.0,,False,c10,Tg-Veh
0.5677121169839545,21,Tg,Veh,QDA,10.0,,False,c10,Tg-Veh
0.5,22,Tg,Veh,QDA,10.0,,False,c10,Tg-Veh
0.6972870318522963,23,Tg,GluA2,QDA,10.0,,False,c10,Tg-GluA2
0.5861446043648659,24,Tg,GluA2,QDA,10.0,,False,c10,Tg-GluA2
0.6970956638497451,25,Tg,GluA2,QDA,10.0,,False,c10,Tg-GluA2
0.7005469789961482,26,Tg,GluA2,QDA,10.0,,False,c10,Tg-GluA2
0.7166093139209209,27,Tg,GluA2,QDA,10.0,,False,c10,Tg-GluA2
0.6586635935190656,28,Tg,GluA2,QDA,10.0,,False,c10,Tg-GluA2
0.5573766221464431,29,Tg,GluA2,QDA,10.0,,False,c10,Tg-GluA2
0.7775714329647591,0,WT,Veh,NN,10.0,,False,c10,WT-Veh
0.7704226487191612,1,WT,Veh,NN,10.0,,False,c10,WT-Veh
0.5389201074017079,2,WT,Veh,NN,10.0,,False,c10,WT-Veh
0.9275293464923104,3,WT,Veh,NN,10.0,,False,c10,WT-Veh
0.808872277396109,4,WT,Veh,NN,10.0,,False,c10,WT-Veh
0.676023119900022,5,WT,Veh,NN,10.0,,False,c10,WT-Veh
0.8987842715322377,6,WT,Veh,NN,10.0,,False,c10,WT-Veh
0.7293854507639339,7,WT,Veh,NN,10.0,,False,c10,WT-Veh
0.6877865302946853,8,WT,Veh,NN,10.0,,False,c10,WT-Veh
0.8449979471232584,9,WT,Veh,NN,10.0,,False,c10,WT-Veh
0.7428505120292921,10,WT,GluA2,NN,10.0,,False,c10,WT-GluA2
0.5,11,WT,GluA2,NN,10.0,,False,c10,WT-GluA2
0.8639144104667273,12,WT,GluA2,NN,10.0,,False,c10,WT-GluA2
0.9318222468423828,13,WT,GluA2,NN,10.0,,False,c10,WT-GluA2
0.7354103942443359,14,WT,GluA2,NN,10.0,,False,c10,WT-GluA2
0.7559749366515796,15,WT,GluA2,NN,10.0,,False,c10,WT-GluA2
0.6627776179931267,16,WT,GluA2,NN,10.0,,False,c10,WT-GluA2
0.5378877469845019,17,Tg,Veh,NN,10.0,,False,c10,Tg-Veh
0.6098649743705714,18,Tg,Veh,NN,10.0,,False,c10,Tg-Veh
0.5733950927429556,19,Tg,Veh,NN,10.0,,False,c10,Tg-Veh
0.5206208396213107,20,Tg,Veh,NN,10.0,,False,c10,Tg-Veh
0.6178038132013816,21,Tg,Veh,NN,10.0,,False,c10,Tg-Veh
0.5,22,Tg,Veh,NN,10.0,,False,c10,Tg-Veh
0.6273411684103936,23,Tg,GluA2,NN,10.0,,False,c10,Tg-GluA2
0.6452366215027172,24,Tg,GluA2,NN,10.0,,False,c10,Tg-GluA2
0.8023262569802895,25,Tg,GluA2,NN,10.0,,False,c10,Tg-GluA2
0.7189541694633708,26,Tg,GluA2,NN,10.0,,False,c10,Tg-GluA2
0.7557293614220646,27,Tg,GluA2,NN,10.0,,False,c10,Tg-GluA2
0.8004772636099038,28,Tg,GluA2,NN,10.0,,False,c10,Tg-GluA2
0.7456261248460737,29,Tg,GluA2,NN,10.0,,False,c10,Tg-GluA2
0.7819966668902578,0,WT,Veh,SVM,10.0,,False,c10,WT-Veh
0.780908704261026,1,WT,Veh,SVM,10.0,,False,c10,WT-Veh
0.5105295542644064,2,WT,Veh,SVM,10.0,,False,c10,WT-Veh
0.895431675917773,3,WT,Veh,SVM,10.0,,False,c10,WT-Veh
0.8072362826643252,4,WT,Veh,SVM,10.0,,False,c10,WT-Veh
0.6814081452620745,5,WT,Veh,SVM,10.0,,False,c10,WT-Veh
0.8672144965053615,6,WT,Veh,SVM,10.0,,False,c10,WT-Veh
0.7470167416736448,7,WT,Veh,SVM,10.0,,False,c10,WT-Veh
0.6996516133546066,8,WT,Veh,SVM,10.0,,False,c10,WT-Veh
0.8378821650464892,9,WT,Veh,SVM,10.0,,False,c10,WT-Veh
0.7422998298626611,10,WT,GluA2,SVM,10.0,,False,c10,WT-GluA2
0.5010638297872341,11,WT,GluA2,SVM,10.0,,False,c10,WT-GluA2
0.845789952549691,12,WT,GluA2,SVM,10.0,,False,c10,WT-GluA2
0.9000929996113368,13,WT,GluA2,SVM,10.0,,False,c10,WT-GluA2
0.7348917314800779,14,WT,GluA2,SVM,10.0,,False,c10,WT-GluA2
0.7676731531318388,15,WT,GluA2,SVM,10.0,,False,c10,WT-GluA2
0.638813481059002,16,WT,GluA2,SVM,10.0,,False,c10,WT-GluA2
0.5165096616572159,17,Tg,Veh,SVM,10.0,,False,c10,Tg-Veh
0.5505333182571989,18,Tg,Veh,SVM,10.0,,False,c10,Tg-Veh
0.557605484325311,19,Tg,Veh,SVM,10.0,,False,c10,Tg-Veh
0.5030832476875642,20,Tg,Veh,SVM,10.0,,False,c10,Tg-Veh
0.632970632253927,21,Tg,Veh,SVM,10.0,,False,c10,Tg-Veh
0.5,22,Tg,Veh,SVM,10.0,,False,c10,Tg-Veh
0.5557942855978069,23,Tg,GluA2,SVM,10.0,,False,c10,Tg-GluA2
0.6229054837935012,24,Tg,GluA2,SVM,10.0,,False,c10,Tg-GluA2
0.8046862674710415,25,Tg,GluA2,SVM,10.0,,False,c10,Tg-GluA2
0.6864227457759707,26,Tg,GluA2,SVM,10.0,,False,c10,Tg-GluA2
0.732884637842449,27,Tg,GluA2,SVM,10.0,,False,c10,Tg-GluA2
0.7989727267992004,28,Tg,GluA2,SVM,10.0,,False,c10,Tg-GluA2
0.6912427773041584,29,Tg,GluA2,SVM,10.0,,False,c10,Tg-GluA2
0.6693344593777345,0,WT,Veh,LDA,100.0,,False,c100,WT-Veh
0.6987533385157437,1,WT,Veh,LDA,100.0,,False,c100,WT-Veh
0.5494140673568089,2,WT,Veh,LDA,100.0,,False,c100,WT-Veh
0.7352705326570464,3,WT,Veh,LDA,100.0,,False,c100,WT-Veh
0.7643795014179096,4,WT,Veh,LDA,100.0,,False,c100,WT-Veh
0.6718208605944767,5,WT,Veh,LDA,100.0,,False,c100,WT-Veh
0.5907333341945578,6,WT,Veh,LDA,100.0,,False,c100,WT-Veh
0.722161390449074,7,WT,Veh,LDA,100.0,,False,c100,WT-Veh
0.6582485611346165,8,WT,Veh,LDA,100.0,,False,c100,WT-Veh
0.6606119462166526,9,WT,Veh,LDA,100.0,,False,c100,WT-Veh
0.6336236342111903,10,WT,GluA2,LDA,100.0,,False,c100,WT-GluA2
0.4991448118586089,11,WT,GluA2,LDA,100.0,,False,c100,WT-GluA2
0.6345025236314786,12,WT,GluA2,LDA,100.0,,False,c100,WT-GluA2
0.5738470585904337,13,WT,GluA2,LDA,100.0,,False,c100,WT-GluA2
0.7759568091978684,14,WT,GluA2,LDA,100.0,,False,c100,WT-GluA2
0.6767731220561409,15,WT,GluA2,LDA,100.0,,False,c100,WT-GluA2
0.692986557867092,16,WT,GluA2,LDA,100.0,,False,c100,WT-GluA2
0.4999570668040529,17,Tg,Veh,LDA,100.0,,False,c100,Tg-Veh
0.5466304839439168,18,Tg,Veh,LDA,100.0,,False,c100,Tg-Veh
0.6103274062780496,19,Tg,Veh,LDA,100.0,,False,c100,Tg-Veh
0.5061624269634554,20,Tg,Veh,LDA,100.0,,False,c100,Tg-Veh
0.7204912497230207,21,Tg,Veh,LDA,100.0,,False,c100,Tg-Veh
0.5,22,Tg,Veh,LDA,100.0,,False,c100,Tg-Veh
0.4986141778157092,23,Tg,GluA2,LDA,100.0,,False,c100,Tg-GluA2
0.5543506963520459,24,Tg,GluA2,LDA,100.0,,False,c100,Tg-GluA2
0.5726811077363889,25,Tg,GluA2,LDA,100.0,,False,c100,Tg-GluA2
0.6838700268966483,26,Tg,GluA2,LDA,100.0,,False,c100,Tg-GluA2
0.6289056775158031,27,Tg,GluA2,LDA,100.0,,False,c100,Tg-GluA2
0.7039920285546389,28,Tg,GluA2,LDA,100.0,,False,c100,Tg-GluA2
0.566117268163304,29,Tg,GluA2,LDA,100.0,,False,c100,Tg-GluA2
0.777628895111284,0,WT,Veh,NB,100.0,,False,c100,WT-Veh
0.7635782038095473,1,WT,Veh,NB,100.0,,False,c100,WT-Veh
0.7793692954408634,2,WT,Veh,NB,100.0,,False,c100,WT-Veh
0.7686216157130057,3,WT,Veh,NB,100.0,,False,c100,WT-Veh
0.7710383962790257,4,WT,Veh,NB,100.0,,False,c100,WT-Veh
0.6533963096375799,5,WT,Veh,NB,100.0,,False,c100,WT-Veh
0.8164609920238128,6,WT,Veh,NB,100.0,,False,c100,WT-Veh
0.6939317312800705,7,WT,Veh,NB,100.0,,False,c100,WT-Veh
0.651413786174162,8,WT,Veh,NB,100.0,,False,c100,WT-Veh
0.8432390022782422,9,WT,Veh,NB,100.0,,False,c100,WT-Veh
0.6910438540312198,10,WT,GluA2,NB,100.0,,False,c100,WT-GluA2
0.6193107244232029,11,WT,GluA2,NB,100.0,,False,c100,WT-GluA2
0.7685958981505139,12,WT,GluA2,NB,100.0,,False,c100,WT-GluA2
0.8202213901005965,13,WT,GluA2,NB,100.0,,False,c100,WT-GluA2
0.740344686855024,14,WT,GluA2,NB,100.0,,False,c100,WT-GluA2
0.6897985806573965,15,WT,GluA2,NB,100.0,,False,c100,WT-GluA2
0.7221636270520094,16,WT,GluA2,NB,100.0,,False,c100,WT-GluA2
0.6462300547701655,17,Tg,Veh,NB,100.0,,False,c100,Tg-Veh
0.8543767902909694,18,Tg,Veh,NB,100.0,,False,c100,Tg-Veh
0.7715301660326246,19,Tg,Veh,NB,100.0,,False,c100,Tg-Veh
0.6994584449770135,20,Tg,Veh,NB,100.0,,False,c100,Tg-Veh
0.6896866144697765,21,Tg,Veh,NB,100.0,,False,c100,Tg-Veh
0.69400113387827,22,Tg,Veh,NB,100.0,,False,c100,Tg-Veh
0.7079125639460102,23,Tg,GluA2,NB,100.0,,False,c100,Tg-GluA2
0.6914684854977191,24,Tg,GluA2,NB,100.0,,False,c100,Tg-GluA2
0.754465313394868,25,Tg,GluA2,NB,100.0,,False,c100,Tg-GluA2
0.6889908847564734,26,Tg,GluA2,NB,100.0,,False,c100,Tg-GluA2
0.7436307613601165,27,Tg,GluA2,NB,100.0,,False,c100,Tg-GluA2
0.7012449796975095,28,Tg,GluA2,NB,100.0,,False,c100,Tg-GluA2
0.6891114900066306,29,Tg,GluA2,NB,100.0,,False,c100,Tg-GluA2
0.8816862034149303,0,WT,Veh,QDA,100.0,,False,c100,WT-Veh
0.8449172447718392,1,WT,Veh,QDA,100.0,,False,c100,WT-Veh
0.8589344607852492,2,WT,Veh,QDA,100.0,,False,c100,WT-Veh
0.8100833811567925,3,WT,Veh,QDA,100.0,,False,c100,WT-Veh
0.7847266025146635,4,WT,Veh,QDA,100.0,,False,c100,WT-Veh
0.675359847092553,5,WT,Veh,QDA,100.0,,False,c100,WT-Veh
0.9070679422722754,6,WT,Veh,QDA,100.0,,False,c100,WT-Veh
0.7356082030499824,7,WT,Veh,QDA,100.0,,False,c100,WT-Veh
0.6987918580813971,8,WT,Veh,QDA,100.0,,False,c100,WT-Veh
0.8707354456217076,9,WT,Veh,QDA,100.0,,False,c100,WT-Veh
0.7078437841649361,10,WT,GluA2,QDA,100.0,,False,c100,WT-GluA2
0.6633341116960625,11,WT,GluA2,QDA,100.0,,False,c100,WT-GluA2
0.8575549031749367,12,WT,GluA2,QDA,100.0,,False,c100,WT-GluA2
0.8892668840502613,13,WT,GluA2,QDA,100.0,,False,c100,WT-GluA2
0.758104844195167,14,WT,GluA2,QDA,100.0,,False,c100,WT-GluA2
0.7176505739615694,15,WT,GluA2,QDA,100.0,,False,c100,WT-GluA2
0.7646790475025323,16,WT,GluA2,QDA,100.0,,False,c100,WT-GluA2
0.7605755296390864,17,Tg,Veh,QDA,100.0,,False,c100,Tg-Veh
0.6261521928414987,18,Tg,Veh,QDA,100.0,,False,c100,Tg-Veh
0.9412398236092264,19,Tg,Veh,QDA,100.0,,False,c100,Tg-Veh
0.8974233668668192,20,Tg,Veh,QDA,100.0,,False,c100,Tg-Veh
0.7683429663435891,21,Tg,Veh,QDA,100.0,,False,c100,Tg-Veh
0.7136145249833434,22,Tg,Veh,QDA,100.0,,False,c100,Tg-Veh
0.661708855814314,23,Tg,Veh,QDA,100.0,,False,c100,Tg-Veh
0.7270636324461678,24,Tg,GluA2,QDA,100.0,,False,c100,Tg-GluA2
0.7089112308782834,25,Tg,GluA2,QDA,100.0,,False,c100,Tg-GluA2
0.774101125718559,26,Tg,GluA2,QDA,100.0,,False,c100,Tg-GluA2
0.7009617121141152,27,Tg,GluA2,QDA,100.0,,False,c100,Tg-GluA2
0.7630160007006844,28,Tg,GluA2,QDA,100.0,,False,c100,Tg-GluA2
0.7497414249746428,29,Tg,GluA2,QDA,100.0,,False,c100,Tg-GluA2
0.82042246850431,30,Tg,GluA2,QDA,100.0,,False,c100,Tg-GluA2
0.9602936949068316,0,WT,Veh,NN,100.0,,False,c100,WT-Veh
0.9655334060900616,1,WT,Veh,NN,100.0,,False,c100,WT-Veh
0.7977186389846456,2,WT,Veh,NN,100.0,,False,c100,WT-Veh
0.9701154877855828,3,WT,Veh,NN,100.0,,False,c100,WT-Veh
0.9344063764401572,4,WT,Veh,NN,100.0,,False,c100,WT-Veh
0.8121250827023451,5,WT,Veh,NN,100.0,,False,c100,WT-Veh
0.9770048455335985,6,WT,Veh,NN,100.0,,False,c100,WT-Veh
0.8911858009834197,7,WT,Veh,NN,100.0,,False,c100,WT-Veh
0.8535848934521564,8,WT,Veh,NN,100.0,,False,c100,WT-Veh
0.9633632399850804,9,WT,Veh,NN,100.0,,False,c100,WT-Veh
0.8077113293354293,10,WT,GluA2,NN,100.0,,False,c100,WT-GluA2
0.503013325165579,11,WT,GluA2,NN,100.0,,False,c100,WT-GluA2
0.962917867760266,12,WT,GluA2,NN,100.0,,False,c100,WT-GluA2
0.9802232316367496,13,WT,GluA2,NN,100.0,,False,c100,WT-GluA2
0.8601974525511413,14,WT,GluA2,NN,100.0,,False,c100,WT-GluA2
0.8022135567028215,15,WT,GluA2,NN,100.0,,False,c100,WT-GluA2
0.8648860598831667,16,WT,GluA2,NN,100.0,,False,c100,WT-GluA2
0.6106195465488007,17,Tg,Veh,NN,100.0,,False,c100,Tg-Veh
0.9641833446404342,18,Tg,Veh,NN,100.0,,False,c100,Tg-Veh
0.8936194752321545,19,Tg,Veh,NN,100.0,,False,c100,Tg-Veh
0.652645931455248,20,Tg,Veh,NN,100.0,,False,c100,Tg-Veh
0.7996885731766066,21,Tg,Veh,NN,100.0,,False,c100,Tg-Veh
0.5,22,Tg,Veh,NN,100.0,,False,c100,Tg-Veh
0.6912737358919385,23,Tg,GluA2,NN,100.0,,False,c100,Tg-GluA2
0.7793244952697926,24,Tg,GluA2,NN,100.0,,False,c100,Tg-GluA2
0.8958826816510119,25,Tg,GluA2,NN,100.0,,False,c100,Tg-GluA2
0.7224325451054056,26,Tg,GluA2,NN,100.0,,False,c100,Tg-GluA2
0.9094992088298608,27,Tg,GluA2,NN,100.0,,False,c100,Tg-GluA2
0.9241263334173287,28,Tg,GluA2,NN,100.0,,False,c100,Tg-GluA2
0.9456616463010326,29,Tg,GluA2,NN,100.0,,False,c100,Tg-GluA2
0.973576989623008,0,WT,Veh,SVM,100.0,,False,c100,WT-Veh
0.9794475024048732,1,WT,Veh,SVM,100.0,,False,c100,WT-Veh
0.8648429715552024,2,WT,Veh,SVM,100.0,,False,c100,WT-Veh
0.9735505276235832,3,WT,Veh,SVM,100.0,,False,c100,WT-Veh
0.938517582474084,4,WT,Veh,SVM,100.0,,False,c100,WT-Veh
0.8238946678428778,5,WT,Veh,SVM,100.0,,False,c100,WT-Veh
0.9851928850930742,6,WT,Veh,SVM,100.0,,False,c100,WT-Veh
0.9349538027076664,7,WT,Veh,SVM,100.0,,False,c100,WT-Veh
0.8718953464455382,8,WT,Veh,SVM,100.0,,False,c100,WT-Veh
0.9840038671513556,9,WT,Veh,SVM,100.0,,False,c100,WT-Veh
0.8095724895038847,10,WT,GluA2,SVM,100.0,,False,c100,WT-GluA2
0.505247883257721,11,WT,GluA2,SVM,100.0,,False,c100,WT-GluA2
0.9720279892232708,12,WT,GluA2,SVM,100.0,,False,c100,WT-GluA2
0.9834073453543892,13,WT,GluA2,SVM,100.0,,False,c100,WT-GluA2
0.879811720441392,14,WT,GluA2,SVM,100.0,,False,c100,WT-GluA2
0.805721871564422,15,WT,GluA2,SVM,100.0,,False,c100,WT-GluA2
0.8954224015303853,16,WT,GluA2,SVM,100.0,,False,c100,WT-GluA2
0.5829832977548995,17,Tg,Veh,SVM,100.0,,False,c100,Tg-Veh
0.9788901138248154,18,Tg,Veh,SVM,100.0,,False,c100,Tg-Veh
0.9478510926203452,19,Tg,Veh,SVM,100.0,,False,c100,Tg-Veh
0.6854721201633904,20,Tg,Veh,SVM,100.0,,False,c100,Tg-Veh
0.8210341669559351,21,Tg,Veh,SVM,100.0,,False,c100,Tg-Veh
0.4999603080098436,22,Tg,Veh,SVM,100.0,,False,c100,Tg-Veh
0.6546114403618998,23,Tg,GluA2,SVM,100.0,,False,c100,Tg-GluA2
0.78005755782237,24,Tg,GluA2,SVM,100.0,,False,c100,Tg-GluA2
0.9098463259511362,25,Tg,GluA2,SVM,100.0,,False,c100,Tg-GluA2
0.6876908800885931,26,Tg,GluA2,SVM,100.0,,False,c100,Tg-GluA2
0.9189936371901009,27,Tg,GluA2,SVM,100.0,,False,c100,Tg-GluA2
0.943552776716612,28,Tg,GluA2,SVM,100.0,,False,c100,Tg-GluA2
0.9631405702377568,29,Tg,GluA2,SVM,100.0,,False,c100,Tg-GluA2
0.686595462443985,0,WT,Veh,LDA,,600.0,False,t600,WT-Veh
0.700732860700044,1,WT,Veh,LDA,,600.0,False,t600,WT-Veh
0.5550613893404441,2,WT,Veh,LDA,,600.0,False,t600,WT-Veh
0.7437858006472948,3,WT,Veh,LDA,,600.0,False,t600,WT-Veh
0.7658955176655315,4,WT,Veh,LDA,,600.0,False,t600,WT-Veh
0.682927601754515,5,WT,Veh,LDA,,600.0,False,t600,WT-Veh
0.704940970783021,6,WT,Veh,LDA,,600.0,False,t600,WT-Veh
0.7243075782876058,7,WT,Veh,LDA,,600.0,False,t600,WT-Veh
0.6604394082621725,8,WT,Veh,LDA,,600.0,False,t600,WT-Veh
0.6753938932600797,9,WT,Veh,LDA,,600.0,False,t600,WT-Veh
0.6336873548495611,10,WT,GluA2,LDA,,600.0,False,t600,WT-GluA2
0.5037564593997913,11,WT,GluA2,LDA,,600.0,False,t600,WT-GluA2
0.6487955709011851,12,WT,GluA2,LDA,,600.0,False,t600,WT-GluA2
0.6152422671766333,13,WT,GluA2,LDA,,600.0,False,t600,WT-GluA2
0.8120102457662364,14,WT,GluA2,LDA,,600.0,False,t600,WT-GluA2
0.6755488240524025,15,WT,GluA2,LDA,,600.0,False,t600,WT-GluA2
0.6939316947154233,16,WT,GluA2,LDA,,600.0,False,t600,WT-GluA2
0.5,17,Tg,Veh,LDA,,600.0,False,t600,Tg-Veh
0.721908921302578,18,Tg,Veh,LDA,,600.0,False,t600,Tg-Veh
0.6147184726482302,19,Tg,Veh,LDA,,600.0,False,t600,Tg-Veh
0.505685548279309,20,Tg,Veh,LDA,,600.0,False,t600,Tg-Veh
0.7204912497230207,21,Tg,Veh,LDA,,600.0,False,t600,Tg-Veh
0.5,22,Tg,Veh,LDA,,600.0,False,t600,Tg-Veh
0.4995242315922875,23,Tg,GluA2,LDA,,600.0,False,t600,Tg-GluA2
0.5556672735557272,24,Tg,GluA2,LDA,,600.0,False,t600,Tg-GluA2
0.5832136743720624,25,Tg,GluA2,LDA,,600.0,False,t600,Tg-GluA2
0.6856836110722121,26,Tg,GluA2,LDA,,600.0,False,t600,Tg-GluA2
0.6917538204121123,27,Tg,GluA2,LDA,,600.0,False,t600,Tg-GluA2
0.7333772154627367,28,Tg,GluA2,LDA,,600.0,False,t600,Tg-GluA2
0.6565170029364403,29,Tg,GluA2,LDA,,600.0,False,t600,Tg-GluA2
0.7854320714630694,0,WT,Veh,NB,,600.0,False,t600,WT-Veh
0.7606258378996585,1,WT,Veh,NB,,600.0,False,t600,WT-Veh
0.7908876544130872,2,WT,Veh,NB,,600.0,False,t600,WT-Veh
0.770266449531012,3,WT,Veh,NB,,600.0,False,t600,WT-Veh
0.7712671800408959,4,WT,Veh,NB,,600.0,False,t600,WT-Veh
0.6577007522850351,5,WT,Veh,NB,,600.0,False,t600,WT-Veh
0.8628886295319931,6,WT,Veh,NB,,600.0,False,t600,WT-Veh
0.6985027401181547,7,WT,Veh,NB,,600.0,False,t600,WT-Veh
0.6510360856549027,8,WT,Veh,NB,,600.0,False,t600,WT-Veh
0.855871181187179,9,WT,Veh,NB,,600.0,False,t600,WT-Veh
0.6893926161688694,10,WT,GluA2,NB,,600.0,False,t600,WT-GluA2
0.6987730172978481,11,WT,GluA2,NB,,600.0,False,t600,WT-GluA2
0.779161396176283,12,WT,GluA2,NB,,600.0,False,t600,WT-GluA2
0.8349514740974437,13,WT,GluA2,NB,,600.0,False,t600,WT-GluA2
0.7736197950069381,14,WT,GluA2,NB,,600.0,False,t600,WT-GluA2
0.6889626349938647,15,WT,GluA2,NB,,600.0,False,t600,WT-GluA2
0.7229545778705626,16,WT,GluA2,NB,,600.0,False,t600,WT-GluA2
0.6463051536442663,17,Tg,Veh,NB,,600.0,False,t600,Tg-Veh
0.9095738165234434,18,Tg,Veh,NB,,600.0,False,t600,Tg-Veh
0.7717480104138832,19,Tg,Veh,NB,,600.0,False,t600,Tg-Veh
0.7082272409438868,20,Tg,Veh,NB,,600.0,False,t600,Tg-Veh
0.6897320655433218,21,Tg,Veh,NB,,600.0,False,t600,Tg-Veh
0.6936349674556934,22,Tg,Veh,NB,,600.0,False,t600,Tg-Veh
0.7073465871872562,23,Tg,GluA2,NB,,600.0,False,t600,Tg-GluA2
0.6915810088177694,24,Tg,GluA2,NB,,600.0,False,t600,Tg-GluA2
0.7637895477425736,25,Tg,GluA2,NB,,600.0,False,t600,Tg-GluA2
0.6890945116994787,26,Tg,GluA2,NB,,600.0,False,t600,Tg-GluA2
0.7663274063888342,27,Tg,GluA2,NB,,600.0,False,t600,Tg-GluA2
0.7117937529765652,28,Tg,GluA2,NB,,600.0,False,t600,Tg-GluA2
0.747847399829497,29,Tg,GluA2,NB,,600.0,False,t600,Tg-GluA2
0.8944002184324678,0,WT,Veh,QDA,,600.0,False,t600,WT-Veh
0.8485271044185916,1,WT,Veh,QDA,,600.0,False,t600,WT-Veh
0.8823595065720801,2,WT,Veh,QDA,,600.0,False,t600,WT-Veh
0.8169190172114824,3,WT,Veh,QDA,,600.0,False,t600,WT-Veh
0.7852368324256339,4,WT,Veh,QDA,,600.0,False,t600,WT-Veh
0.6833713151510696,5,WT,Veh,QDA,,600.0,False,t600,WT-Veh
0.9362953926801894,6,WT,Veh,QDA,,600.0,False,t600,WT-Veh
0.7432266115878805,7,WT,Veh,QDA,,600.0,False,t600,WT-Veh
0.6985476415548426,8,WT,Veh,QDA,,600.0,False,t600,WT-Veh
0.8932811005682593,9,WT,Veh,QDA,,600.0,False,t600,WT-Veh
0.7075720819505631,10,WT,GluA2,QDA,,600.0,False,t600,WT-GluA2
0.7463878915063442,11,WT,GluA2,QDA,,600.0,False,t600,WT-GluA2
0.8712146479497616,12,WT,GluA2,QDA,,600.0,False,t600,WT-GluA2
0.9078892657305456,13,WT,GluA2,QDA,,600.0,False,t600,WT-GluA2
0.7911067060017025,14,WT,GluA2,QDA,,600.0,False,t600,WT-GluA2
0.7164402647161268,15,WT,GluA2,QDA,,600.0,False,t600,WT-GluA2
0.7641090294765394,16,WT,GluA2,QDA,,600.0,False,t600,WT-GluA2
0.7061624456559243,17,Tg,Veh,QDA,,600.0,False,t600,Tg-Veh
0.6246815597862776,18,Tg,Veh,QDA,,600.0,False,t600,Tg-Veh
0.9790578358208956,19,Tg,Veh,QDA,,600.0,False,t600,Tg-Veh
0.9013950980738404,20,Tg,Veh,QDA,,600.0,False,t600,Tg-Veh
0.7705464485237559,21,Tg,Veh,QDA,,600.0,False,t600,Tg-Veh
0.713432871940655,22,Tg,Veh,QDA,,600.0,False,t600,Tg-Veh
0.6615962180721695,23,Tg,Veh,QDA,,600.0,False,t600,Tg-Veh
0.7262779775797291,24,Tg,GluA2,QDA,,600.0,False,t600,Tg-GluA2
0.7090925486489712,25,Tg,GluA2,QDA,,600.0,False,t600,Tg-GluA2
0.7985407611680702,26,Tg,GluA2,QDA,,600.0,False,t600,Tg-GluA2
0.7005212412698566,27,Tg,GluA2,QDA,,600.0,False,t600,Tg-GluA2
0.8454437919245736,28,Tg,GluA2,QDA,,600.0,False,t600,Tg-GluA2
0.7815738131623887,29,Tg,GluA2,QDA,,600.0,False,t600,Tg-GluA2
0.9007601591361184,30,Tg,GluA2,QDA,,600.0,False,t600,Tg-GluA2
0.96417036755704,0,WT,Veh,NN,,600.0,False,t600,WT-Veh
0.965072831261162,1,WT,Veh,NN,,600.0,False,t600,WT-Veh
0.8118632854675172,2,WT,Veh,NN,,600.0,False,t600,WT-Veh
0.9720223613929756,3,WT,Veh,NN,,600.0,False,t600,WT-Veh
0.933154542254496,4,WT,Veh,NN,,600.0,False,t600,WT-Veh
0.835494866328506,5,WT,Veh,NN,,600.0,False,t600,WT-Veh
0.984260117340208,6,WT,Veh,NN,,600.0,False,t600,WT-Veh
0.900702111364466,7,WT,Veh,NN,,600.0,False,t600,WT-Veh
0.8573211301346624,8,WT,Veh,NN,,600.0,False,t600,WT-Veh
0.974481214403215,9,WT,Veh,NN,,600.0,False,t600,WT-Veh
0.806545273998745,10,WT,GluA2,NN,,600.0,False,t600,WT-GluA2
0.6459786445571217,11,WT,GluA2,NN,,600.0,False,t600,WT-GluA2
0.9669635755023224,12,WT,GluA2,NN,,600.0,False,t600,WT-GluA2
0.9804264859310438,13,WT,GluA2,NN,,600.0,False,t600,WT-GluA2
0.9003816897740567,14,WT,GluA2,NN,,600.0,False,t600,WT-GluA2
0.7997682466452798,15,WT,GluA2,NN,,600.0,False,t600,WT-GluA2
0.8647418841882193,16,WT,GluA2,NN,,600.0,False,t600,WT-GluA2
0.6385831096335887,17,Tg,Veh,NN,,600.0,False,t600,Tg-Veh
0.9824198138097392,18,Tg,Veh,NN,,600.0,False,t600,Tg-Veh
0.897104624386976,19,Tg,Veh,NN,,600.0,False,t600,Tg-Veh
0.6597743210220155,20,Tg,Veh,NN,,600.0,False,t600,Tg-Veh
0.8059712576788491,21,Tg,Veh,NN,,600.0,False,t600,Tg-Veh
0.5,22,Tg,Veh,NN,,600.0,False,t600,Tg-Veh
0.6764083987476717,23,Tg,GluA2,NN,,600.0,False,t600,Tg-GluA2
0.763954764054966,24,Tg,GluA2,NN,,600.0,False,t600,Tg-GluA2
0.927706982178989,25,Tg,GluA2,NN,,600.0,False,t600,Tg-GluA2
0.7201748845504429,26,Tg,GluA2,NN,,600.0,False,t600,Tg-GluA2
0.9471236798846732,27,Tg,GluA2,NN,,600.0,False,t600,Tg-GluA2
0.9449295333329936,28,Tg,GluA2,NN,,600.0,False,t600,Tg-GluA2
0.9624822392725206,29,Tg,GluA2,NN,,600.0,False,t600,Tg-GluA2
0.9749148350702852,0,WT,Veh,SVM,,600.0,False,t600,WT-Veh
0.9808241840320232,1,WT,Veh,SVM,,600.0,False,t600,WT-Veh
0.8955412561465965,2,WT,Veh,SVM,,600.0,False,t600,WT-Veh
0.9746169672900188,3,WT,Veh,SVM,,600.0,False,t600,WT-Veh
0.9375869038155016,4,WT,Veh,SVM,,600.0,False,t600,WT-Veh
0.8387402288710823,5,WT,Veh,SVM,,600.0,False,t600,WT-Veh
0.9868471413838444,6,WT,Veh,SVM,,600.0,False,t600,WT-Veh
0.942226847306191,7,WT,Veh,SVM,,600.0,False,t600,WT-Veh
0.8705180283612058,8,WT,Veh,SVM,,600.0,False,t600,WT-Veh
0.9903793413765134,9,WT,Veh,SVM,,600.0,False,t600,WT-Veh
0.8059114638927165,10,WT,GluA2,SVM,,600.0,False,t600,WT-GluA2
0.6000609548994396,11,WT,GluA2,SVM,,600.0,False,t600,WT-GluA2
0.9757080883639444,12,WT,GluA2,SVM,,600.0,False,t600,WT-GluA2
0.9869244487062292,13,WT,GluA2,SVM,,600.0,False,t600,WT-GluA2
0.93048045491824,14,WT,GluA2,SVM,,600.0,False,t600,WT-GluA2
0.8051557962748593,15,WT,GluA2,SVM,,600.0,False,t600,WT-GluA2
0.8962003355544856,16,WT,GluA2,SVM,,600.0,False,t600,WT-GluA2
0.585860095633808,17,Tg,Veh,SVM,,600.0,False,t600,Tg-Veh
0.9891527212422736,18,Tg,Veh,SVM,,600.0,False,t600,Tg-Veh
0.946830811269579,19,Tg,Veh,SVM,,600.0,False,t600,Tg-Veh
0.6819859856525752,20,Tg,Veh,SVM,,600.0,False,t600,Tg-Veh
0.817839962308128,21,Tg,Veh,SVM,,600.0,False,t600,Tg-Veh
0.4999603080098436,22,Tg,Veh,SVM,,600.0,False,t600,Tg-Veh
0.6505119245474107,23,Tg,GluA2,SVM,,600.0,False,t600,Tg-GluA2
0.7822570474750564,24,Tg,GluA2,SVM,,600.0,False,t600,Tg-GluA2
0.9539803770621758,25,Tg,GluA2,SVM,,600.0,False,t600,Tg-GluA2
0.6815540822222973,26,Tg,GluA2,SVM,,600.0,False,t600,Tg-GluA2
0.9674809883285004,27,Tg,GluA2,SVM,,600.0,False,t600,Tg-GluA2
0.9627735099085826,28,Tg,GluA2,SVM,,600.0,False,t600,Tg-GluA2
0.9758761958889836,29,Tg,GluA2,SVM,,600.0,False,t600,Tg-GluA2
0.6344984183049663,0,WT,GluA2,LDA,,600.0,False,t600_updated,WT-GluA2
0.7409011590794121,1,WT,Veh,LDA,,600.0,False,t600_updated,WT-Veh
0.6897832997618438,2,WT,Veh,LDA,,600.0,False,t600_updated,WT-Veh
0.8932716858739908,3,Tg,Veh,LDA,,600.0,False,t600_updated,Tg-Veh
0.7040318723763292,4,WT,Veh,LDA,,600.0,False,t600_updated,WT-Veh
0.6611298794245373,5,WT,GluA2,LDA,,600.0,False,t600_updated,WT-GluA2
0.6756151059152768,6,WT,GluA2,LDA,,600.0,False,t600_updated,WT-GluA2
0.5721141272935953,7,Tg,Veh,LDA,,600.0,False,t600_updated,Tg-Veh
0.8389619139152722,8,Tg,Veh,LDA,,600.0,False,t600_updated,Tg-Veh
0.734663874615944,9,WT,Veh,LDA,,600.0,False,t600_updated,WT-Veh
0.7592960286666903,10,WT,Veh,LDA,,600.0,False,t600_updated,WT-Veh
0.701915202528854,11,WT,Veh,LDA,,600.0,False,t600_updated,WT-Veh
0.7583255091494641,12,Tg,Veh,LDA,,600.0,False,t600_updated,Tg-Veh
0.6252086391771314,13,Tg,Veh,LDA,,600.0,False,t600_updated,Tg-Veh
0.6014398492924337,14,Tg,GluA2,LDA,,600.0,False,t600_updated,Tg-GluA2
0.7078379408099553,15,Tg,GluA2,LDA,,600.0,False,t600_updated,Tg-GluA2
0.7049276980052197,16,Tg,Veh,LDA,,600.0,False,t600_updated,Tg-Veh
0.7445083827629846,17,WT,Veh,LDA,,600.0,False,t600_updated,WT-Veh
0.6473166158400879,18,WT,GluA2,LDA,,600.0,False,t600_updated,WT-GluA2
0.8117419746032486,19,WT,GluA2,LDA,,600.0,False,t600_updated,WT-GluA2
0.7312040046647552,20,WT,Veh,LDA,,600.0,False,t600_updated,WT-Veh
0.684769950645032,21,WT,GluA2,LDA,,600.0,False,t600_updated,WT-GluA2
0.6694201192334257,22,WT,Veh,LDA,,600.0,False,t600_updated,WT-Veh
0.577282758778538,23,Tg,GluA2,LDA,,600.0,False,t600_updated,Tg-GluA2
0.6876885783407134,24,Tg,GluA2,LDA,,600.0,False,t600_updated,Tg-GluA2
0.7519156197325412,25,Tg,GluA2,LDA,,600.0,False,t600_updated,Tg-GluA2
0.7048665373708662,26,Tg,GluA2,LDA,,600.0,False,t600_updated,Tg-GluA2
0.6520480570335212,27,WT,Veh,LDA,,600.0,False,t600_updated,WT-Veh
0.6874326695809505,28,WT,GluA2,LDA,,600.0,False,t600_updated,WT-GluA2
0.6974590319219476,29,Tg,GluA2,LDA,,600.0,False,t600_updated,Tg-GluA2
0.6026556754232822,30,Tg,Veh,LDA,,600.0,False,t600_updated,Tg-Veh
0.6857176819919654,0,WT,GluA2,NB,,600.0,False,t600_updated,WT-GluA2
0.7787072833232564,1,WT,Veh,NB,,600.0,False,t600_updated,WT-Veh
0.7666808088746717,2,WT,Veh,NB,,600.0,False,t600_updated,WT-Veh
0.9496894624249534,3,Tg,Veh,NB,,600.0,False,t600_updated,Tg-Veh
0.7773861632688703,4,WT,Veh,NB,,600.0,False,t600_updated,WT-Veh
0.6835624954511269,5,WT,GluA2,NB,,600.0,False,t600_updated,WT-GluA2
0.7786752795394434,6,WT,GluA2,NB,,600.0,False,t600_updated,WT-GluA2
0.649619359120991,7,Tg,Veh,NB,,600.0,False,t600_updated,Tg-Veh
0.9060540102517716,8,Tg,Veh,NB,,600.0,False,t600_updated,Tg-Veh
0.7688079657643243,9,WT,Veh,NB,,600.0,False,t600_updated,WT-Veh
0.7705635448925592,10,WT,Veh,NB,,600.0,False,t600_updated,WT-Veh
0.6533168541253155,11,WT,Veh,NB,,600.0,False,t600_updated,WT-Veh
0.7575529473461857,12,Tg,Veh,NB,,600.0,False,t600_updated,Tg-Veh
0.6916173229166785,13,Tg,Veh,NB,,600.0,False,t600_updated,Tg-Veh
0.6953480731963138,14,Tg,GluA2,NB,,600.0,False,t600_updated,Tg-GluA2
0.6826891901751619,15,Tg,GluA2,NB,,600.0,False,t600_updated,Tg-GluA2
0.6863867606543442,16,Tg,Veh,NB,,600.0,False,t600_updated,Tg-Veh
0.8644848634006245,17,WT,Veh,NB,,600.0,False,t600_updated,WT-Veh
0.8354724510534075,18,WT,GluA2,NB,,600.0,False,t600_updated,WT-GluA2
0.7895787808471025,19,WT,GluA2,NB,,600.0,False,t600_updated,WT-GluA2
0.6922886796561771,20,WT,Veh,NB,,600.0,False,t600_updated,WT-Veh
0.6891749073596829,21,WT,GluA2,NB,,600.0,False,t600_updated,WT-GluA2
0.6628517862130894,22,WT,Veh,NB,,600.0,False,t600_updated,WT-Veh
0.7661752286331884,23,Tg,GluA2,NB,,600.0,False,t600_updated,Tg-GluA2
0.6913313921389677,24,Tg,GluA2,NB,,600.0,False,t600_updated,Tg-GluA2
0.7528517748931476,25,Tg,GluA2,NB,,600.0,False,t600_updated,Tg-GluA2
0.7101385620269896,26,Tg,GluA2,NB,,600.0,False,t600_updated,Tg-GluA2
0.8587941086878299,27,WT,Veh,NB,,600.0,False,t600_updated,WT-Veh
0.7261727829476565,28,WT,GluA2,NB,,600.0,False,t600_updated,WT-GluA2
0.7460097565596286,29,Tg,GluA2,NB,,600.0,False,t600_updated,Tg-GluA2
0.6959776699739157,30,Tg,Veh,NB,,600.0,False,t600_updated,Tg-Veh
0.7085375951766388,0,WT,GluA2,QDA,,600.0,False,t600_updated,WT-GluA2
0.8857333165754484,1,WT,Veh,QDA,,600.0,False,t600_updated,WT-Veh
0.8425921439860093,2,WT,Veh,QDA,,600.0,False,t600_updated,WT-Veh
0.6947415637292113,3,Tg,Veh,QDA,,600.0,False,t600_updated,Tg-Veh
0.8593533806497653,4,WT,Veh,QDA,,600.0,False,t600_updated,WT-Veh
0.733203286105922,5,WT,GluA2,QDA,,600.0,False,t600_updated,WT-GluA2
0.8680501828670599,6,WT,GluA2,QDA,,600.0,False,t600_updated,WT-GluA2
0.6631499314802618,7,Tg,Veh,QDA,,600.0,False,t600_updated,Tg-Veh
0.9763526119402984,8,Tg,Veh,QDA,,600.0,False,t600_updated,Tg-Veh
0.811544777541249,9,WT,Veh,QDA,,600.0,False,t600_updated,WT-Veh
0.7882420887765635,10,WT,Veh,QDA,,600.0,False,t600_updated,WT-Veh
0.6800026954838394,11,WT,Veh,QDA,,600.0,False,t600_updated,WT-Veh
0.886396848380977,12,Tg,Veh,QDA,,600.0,False,t600_updated,Tg-Veh
0.7676206901927325,13,Tg,Veh,QDA,,600.0,False,t600_updated,Tg-Veh
0.7047417410344798,14,Tg,GluA2,QDA,,600.0,False,t600_updated,Tg-GluA2
0.7002157693550982,15,Tg,GluA2,QDA,,600.0,False,t600_updated,Tg-GluA2
0.7186788787121843,16,Tg,Veh,QDA,,600.0,False,t600_updated,Tg-Veh
0.9269237353900666,17,WT,Veh,QDA,,600.0,False,t600_updated,WT-Veh
0.9032892590537897,18,WT,GluA2,QDA,,600.0,False,t600_updated,WT-GluA2
0.8104680169622624,19,WT,GluA2,QDA,,600.0,False,t600_updated,WT-GluA2
0.740510193909812,20,WT,Veh,QDA,,600.0,False,t600_updated,WT-Veh
0.7226621639764125,21,WT,GluA2,QDA,,600.0,False,t600_updated,WT-GluA2
0.6857104267963263,22,WT,Veh,QDA,,600.0,False,t600_updated,WT-Veh
0.7991490223146043,23,Tg,GluA2,QDA,,600.0,False,t600_updated,Tg-GluA2
0.7081480748212927,24,Tg,GluA2,QDA,,600.0,False,t600_updated,Tg-GluA2
0.8338357821196323,25,Tg,GluA2,QDA,,600.0,False,t600_updated,Tg-GluA2
0.7662337099287961,26,Tg,GluA2,QDA,,600.0,False,t600_updated,Tg-GluA2
0.8972854189992928,27,WT,Veh,QDA,,600.0,False,t600_updated,WT-Veh
0.7643833731160163,28,WT,GluA2,QDA,,600.0,False,t600_updated,WT-GluA2
0.8844960689589846,29,Tg,GluA2,QDA,,600.0,False,t600_updated,Tg-GluA2
0.6844144243817581,30,Tg,Veh,QDA,,600.0,False,t600_updated,Tg-Veh
0.7566381055886557,0,WT,GluA2,NN,,600.0,False,t600_updated,WT-GluA2
0.8940996677497479,1,WT,Veh,NN,,600.0,False,t600_updated,WT-Veh
0.876738202325234,2,WT,Veh,NN,,600.0,False,t600_updated,WT-Veh
0.4998964874749845,3,Tg,Veh,NN,,600.0,False,t600_updated,Tg-Veh
0.8078944766075125,4,WT,Veh,NN,,600.0,False,t600_updated,WT-Veh
0.8166964870569398,5,WT,GluA2,NN,,600.0,False,t600_updated,WT-GluA2
0.8882794726305809,6,WT,GluA2,NN,,600.0,False,t600_updated,WT-GluA2
0.703904073826482,7,Tg,Veh,NN,,600.0,False,t600_updated,Tg-Veh
0.970369271068898,8,Tg,Veh,NN,,600.0,False,t600_updated,Tg-Veh
0.8861562530138168,9,WT,Veh,NN,,600.0,False,t600_updated,WT-Veh
0.833696511982028,10,WT,Veh,NN,,600.0,False,t600_updated,WT-Veh
0.737730586390257,11,WT,Veh,NN,,600.0,False,t600_updated,WT-Veh
0.883371737915051,12,Tg,Veh,NN,,600.0,False,t600_updated,Tg-Veh
0.7732317523181391,13,Tg,Veh,NN,,600.0,False,t600_updated,Tg-Veh
0.7183092050574514,14,Tg,GluA2,NN,,600.0,False,t600_updated,Tg-GluA2
0.7662240145421443,15,Tg,GluA2,NN,,600.0,False,t600_updated,Tg-GluA2
0.7496183546711377,16,Tg,Veh,NN,,600.0,False,t600_updated,Tg-Veh
0.9588630726831804,17,WT,Veh,NN,,600.0,False,t600_updated,WT-Veh
0.9010423338899106,18,WT,GluA2,NN,,600.0,False,t600_updated,WT-GluA2
0.8325688654640717,19,WT,GluA2,NN,,600.0,False,t600_updated,WT-GluA2
0.7595884178854847,20,WT,Veh,NN,,600.0,False,t600_updated,WT-Veh
0.7415246901583922,21,WT,GluA2,NN,,600.0,False,t600_updated,WT-GluA2
0.75032029582683,22,WT,Veh,NN,,600.0,False,t600_updated,WT-Veh
0.7985915517755144,23,Tg,GluA2,NN,,600.0,False,t600_updated,Tg-GluA2
0.7020970049914127,24,Tg,GluA2,NN,,600.0,False,t600_updated,Tg-GluA2
0.8791427917091865,25,Tg,GluA2,NN,,600.0,False,t600_updated,Tg-GluA2
0.8090921940550866,26,Tg,GluA2,NN,,600.0,False,t600_updated,Tg-GluA2
0.888693273398637,27,WT,Veh,NN,,600.0,False,t600_updated,WT-Veh
0.7603742844038244,28,WT,GluA2,NN,,600.0,False,t600_updated,WT-GluA2
0.8887989012029933,29,Tg,GluA2,NN,,600.0,False,t600_updated,Tg-GluA2
0.7075721691016297,30,Tg,Veh,NN,,600.0,False,t600_updated,Tg-Veh
0.7026191770010544,0,WT,GluA2,SVM,,600.0,False,t600_updated,WT-GluA2
0.935574021279614,1,WT,Veh,SVM,,600.0,False,t600_updated,WT-Veh
0.9086245743303224,2,WT,Veh,SVM,,600.0,False,t600_updated,WT-Veh
0.749620454074943,3,Tg,Veh,SVM,,600.0,False,t600_updated,Tg-Veh
0.8919962248635069,4,WT,Veh,SVM,,600.0,False,t600_updated,WT-Veh
0.8345373189548508,5,WT,GluA2,SVM,,600.0,False,t600_updated,WT-GluA2
0.9207252503419916,6,WT,GluA2,SVM,,600.0,False,t600_updated,WT-GluA2
0.6486160637130453,7,Tg,Veh,SVM,,600.0,False,t600_updated,Tg-Veh
0.9837304952510176,8,Tg,Veh,SVM,,600.0,False,t600_updated,Tg-Veh
0.8828051138133178,9,WT,Veh,SVM,,600.0,False,t600_updated,WT-Veh
0.8471783401954619,10,WT,Veh,SVM,,600.0,False,t600_updated,WT-Veh
0.7571290646671078,11,WT,Veh,SVM,,600.0,False,t600_updated,WT-Veh
0.9335077643224768,12,Tg,Veh,SVM,,600.0,False,t600_updated,Tg-Veh
0.8075728730476852,13,Tg,Veh,SVM,,600.0,False,t600_updated,Tg-Veh
0.6902643361993323,14,Tg,GluA2,SVM,,600.0,False,t600_updated,Tg-GluA2
0.7605474757812126,15,Tg,GluA2,SVM,,600.0,False,t600_updated,Tg-GluA2
0.7512984562516402,16,Tg,Veh,SVM,,600.0,False,t600_updated,Tg-Veh
0.9673834625603488,17,WT,Veh,SVM,,600.0,False,t600_updated,WT-Veh
0.93238770157832,18,WT,GluA2,SVM,,600.0,False,t600_updated,WT-GluA2
0.8553001628594861,19,WT,GluA2,SVM,,600.0,False,t600_updated,WT-GluA2
0.817085774218539,20,WT,Veh,SVM,,600.0,False,t600_updated,WT-Veh
0.6798944458996508,21,WT,GluA2,SVM,,600.0,False,t600_updated,WT-GluA2
0.7464616878584012,22,WT,Veh,SVM,,600.0,False,t600_updated,WT-Veh
0.8455677704529894,23,Tg,GluA2,SVM,,600.0,False,t600_updated,Tg-GluA2
0.6218887531447832,24,Tg,GluA2,SVM,,600.0,False,t600_updated,Tg-GluA2
0.8897083304492617,25,Tg,GluA2,SVM,,600.0,False,t600_updated,Tg-GluA2
0.8267037794345089,26,Tg,GluA2,SVM,,600.0,False,t600_updated,Tg-GluA2
0.9350718620022408,27,WT,Veh,SVM,,600.0,False,t600_updated,WT-Veh
0.8071117315279258,28,WT,GluA2,SVM,,600.0,False,t600_updated,WT-GluA2
0.9106209150326796,29,Tg,GluA2,SVM,,600.0,False,t600_updated,Tg-GluA2
0.64936758470802,30,Tg,Veh,SVM,,600.0,False,t600_updated,Tg-Veh
0.6345572871180805,0,WT,GluA2,LDA,,1000.0,False,t1000,WT-GluA2
0.7502151396501859,1,WT,Veh,LDA,,1000.0,False,t1000,WT-Veh
0.6907447066625689,2,WT,Veh,LDA,,1000.0,False,t1000,WT-Veh
0.7227369855234388,4,WT,Veh,LDA,,1000.0,False,t1000,WT-Veh
0.6730271719333092,6,WT,GluA2,LDA,,1000.0,False,t1000,WT-GluA2
0.5787580051476036,7,Tg,Veh,LDA,,1000.0,False,t1000,Tg-Veh
0.7427223598274435,9,WT,Veh,LDA,,1000.0,False,t1000,WT-Veh
0.7704857675102932,10,WT,Veh,LDA,,1000.0,False,t1000,WT-Veh
0.7000626699992649,11,WT,Veh,LDA,,1000.0,False,t1000,WT-Veh
0.7655797048333577,12,Tg,Veh,LDA,,1000.0,False,t1000,Tg-Veh
0.6138713432858152,14,Tg,GluA2,LDA,,1000.0,False,t1000,Tg-GluA2
0.7173628616751975,15,Tg,GluA2,LDA,,1000.0,False,t1000,Tg-GluA2
0.71030211729402,16,Tg,Veh,LDA,,1000.0,False,t1000,Tg-Veh
0.7582092799104374,17,WT,Veh,LDA,,1000.0,False,t1000,WT-Veh
0.6418031353069027,18,WT,GluA2,LDA,,1000.0,False,t1000,WT-GluA2
0.8126354862657759,19,WT,GluA2,LDA,,1000.0,False,t1000,WT-GluA2
0.7372757303226833,20,WT,Veh,LDA,,1000.0,False,t1000,WT-Veh
0.6853426447766071,21,WT,GluA2,LDA,,1000.0,False,t1000,WT-GluA2
0.6701966935949252,22,WT,Veh,LDA,,1000.0,False,t1000,WT-Veh
0.5992221633044887,23,Tg,GluA2,LDA,,1000.0,False,t1000,Tg-GluA2
0.6896615464848447,24,Tg,GluA2,LDA,,1000.0,False,t1000,Tg-GluA2
0.7803067273049984,25,Tg,GluA2,LDA,,1000.0,False,t1000,Tg-GluA2
0.7202098106348178,26,Tg,GluA2,LDA,,1000.0,False,t1000,Tg-GluA2
0.670692937545053,27,WT,Veh,LDA,,1000.0,False,t1000,WT-Veh
0.7038079817572733,28,WT,GluA2,LDA,,1000.0,False,t1000,WT-GluA2
0.7261106374917117,29,Tg,GluA2,LDA,,1000.0,False,t1000,Tg-GluA2
0.6021464928220004,30,Tg,Veh,LDA,,1000.0,False,t1000,Tg-Veh
0.684889960603179,0,WT,GluA2,NB,,1000.0,False,t1000,WT-GluA2
0.7795578451893461,1,WT,Veh,NB,,1000.0,False,t1000,WT-Veh
0.7611337965786578,2,WT,Veh,NB,,1000.0,False,t1000,WT-Veh
0.7736000390930189,4,WT,Veh,NB,,1000.0,False,t1000,WT-Veh
0.7773883035166227,6,WT,GluA2,NB,,1000.0,False,t1000,WT-GluA2
0.6458254972266342,7,Tg,Veh,NB,,1000.0,False,t1000,Tg-Veh
0.7745298225328581,9,WT,Veh,NB,,1000.0,False,t1000,WT-Veh
0.7720502141696033,10,WT,Veh,NB,,1000.0,False,t1000,WT-Veh
0.6585010046803401,11,WT,Veh,NB,,1000.0,False,t1000,WT-Veh
0.7424315320051879,12,Tg,Veh,NB,,1000.0,False,t1000,Tg-Veh
0.6973536682980568,14,Tg,GluA2,NB,,1000.0,False,t1000,Tg-GluA2
0.6832545851289954,15,Tg,GluA2,NB,,1000.0,False,t1000,Tg-GluA2
0.6948263670677101,16,Tg,Veh,NB,,1000.0,False,t1000,Tg-Veh
0.8669992051016346,17,WT,Veh,NB,,1000.0,False,t1000,WT-Veh
0.8374940357027313,18,WT,GluA2,NB,,1000.0,False,t1000,WT-GluA2
0.7749927121351695,19,WT,GluA2,NB,,1000.0,False,t1000,WT-GluA2
0.7004776643871327,20,WT,Veh,NB,,1000.0,False,t1000,WT-Veh
0.6885759256286257,21,WT,GluA2,NB,,1000.0,False,t1000,WT-GluA2
0.6501001195700947,22,WT,Veh,NB,,1000.0,False,t1000,WT-Veh
0.7671537534651895,23,Tg,GluA2,NB,,1000.0,False,t1000,Tg-GluA2
0.6915898961316149,24,Tg,GluA2,NB,,1000.0,False,t1000,Tg-GluA2
0.7637042626514717,25,Tg,GluA2,NB,,1000.0,False,t1000,Tg-GluA2
0.70793248506636,26,Tg,GluA2,NB,,1000.0,False,t1000,Tg-GluA2
0.85320000670747,27,WT,Veh,NB,,1000.0,False,t1000,WT-Veh
0.7259518501550963,28,WT,GluA2,NB,,1000.0,False,t1000,WT-GluA2
0.7367860187553282,29,Tg,GluA2,NB,,1000.0,False,t1000,Tg-GluA2
0.6910787407825509,30,Tg,Veh,NB,,1000.0,False,t1000,Tg-Veh
0.7064909335558703,0,WT,GluA2,QDA,,1000.0,False,t1000,WT-GluA2
0.8852516418492006,1,WT,Veh,QDA,,1000.0,False,t1000,WT-Veh
0.8506021840339261,2,WT,Veh,QDA,,1000.0,False,t1000,WT-Veh
0.8562371292307639,4,WT,Veh,QDA,,1000.0,False,t1000,WT-Veh
0.8613416621639481,6,WT,GluA2,QDA,,1000.0,False,t1000,WT-GluA2
0.6630481875621299,7,Tg,Veh,QDA,,1000.0,False,t1000,Tg-Veh
0.8107229786054236,9,WT,Veh,QDA,,1000.0,False,t1000,WT-Veh
0.7881246811186654,10,WT,Veh,QDA,,1000.0,False,t1000,WT-Veh
0.6837945061138474,11,WT,Veh,QDA,,1000.0,False,t1000,WT-Veh
0.8811491199486814,12,Tg,Veh,QDA,,1000.0,False,t1000,Tg-Veh
0.7164524844863476,14,Tg,GluA2,QDA,,1000.0,False,t1000,Tg-GluA2
0.7046985824598432,15,Tg,GluA2,QDA,,1000.0,False,t1000,Tg-GluA2
0.7211687807844054,16,Tg,Veh,QDA,,1000.0,False,t1000,Tg-Veh
0.9328728854387396,17,WT,Veh,QDA,,1000.0,False,t1000,WT-Veh
0.9068788635618484,18,WT,GluA2,QDA,,1000.0,False,t1000,WT-GluA2
0.7978189266821364,19,WT,GluA2,QDA,,1000.0,False,t1000,WT-GluA2
0.7422925621142158,20,WT,Veh,QDA,,1000.0,False,t1000,WT-Veh
0.7232520858740767,21,WT,GluA2,QDA,,1000.0,False,t1000,WT-GluA2
0.6957349431371342,22,WT,Veh,QDA,,1000.0,False,t1000,WT-Veh
0.802647522113171,23,Tg,GluA2,QDA,,1000.0,False,t1000,Tg-GluA2
0.7037991234042691,24,Tg,GluA2,QDA,,1000.0,False,t1000,Tg-GluA2
0.8404318876368259,25,Tg,GluA2,QDA,,1000.0,False,t1000,Tg-GluA2
0.7772215013338368,26,Tg,GluA2,QDA,,1000.0,False,t1000,Tg-GluA2
0.8961644382217839,27,WT,Veh,QDA,,1000.0,False,t1000,WT-Veh
0.7691123829387079,28,WT,GluA2,QDA,,1000.0,False,t1000,WT-GluA2
0.8959150326797385,29,Tg,GluA2,QDA,,1000.0,False,t1000,Tg-GluA2
0.6872797485215515,30,Tg,Veh,QDA,,1000.0,False,t1000,Tg-Veh
0.7554840180876046,0,WT,GluA2,NN,,1000.0,False,t1000,WT-GluA2
0.9241236774644374,1,WT,Veh,NN,,1000.0,False,t1000,WT-Veh
0.9023921803326574,2,WT,Veh,NN,,1000.0,False,t1000,WT-Veh
0.8542772157674405,4,WT,Veh,NN,,1000.0,False,t1000,WT-Veh
0.9243806264561816,6,WT,GluA2,NN,,1000.0,False,t1000,WT-GluA2
0.7260112022335117,7,Tg,Veh,NN,,1000.0,False,t1000,Tg-Veh
0.9029580431086974,9,WT,Veh,NN,,1000.0,False,t1000,WT-Veh
0.8589396132686276,10,WT,Veh,NN,,1000.0,False,t1000,WT-Veh
0.7649220147516479,11,WT,Veh,NN,,1000.0,False,t1000,WT-Veh
0.9108193802979831,12,Tg,Veh,NN,,1000.0,False,t1000,Tg-Veh
0.7314417937863453,14,Tg,GluA2,NN,,1000.0,False,t1000,Tg-GluA2
0.7818853520850457,15,Tg,GluA2,NN,,1000.0,False,t1000,Tg-GluA2
0.7565216996735237,16,Tg,Veh,NN,,1000.0,False,t1000,Tg-Veh
0.9689152148238294,17,WT,Veh,NN,,1000.0,False,t1000,WT-Veh
0.9349763015874396,18,WT,GluA2,NN,,1000.0,False,t1000,WT-GluA2
0.8467673363728588,19,WT,GluA2,NN,,1000.0,False,t1000,WT-GluA2
0.81156900585918,20,WT,Veh,NN,,1000.0,False,t1000,WT-Veh
0.7491543373130881,21,WT,GluA2,NN,,1000.0,False,t1000,WT-GluA2
0.7791271277874483,22,WT,Veh,NN,,1000.0,False,t1000,WT-Veh
0.8326065293298702,23,Tg,GluA2,NN,,1000.0,False,t1000,Tg-GluA2
0.7044524334947777,24,Tg,GluA2,NN,,1000.0,False,t1000,Tg-GluA2
0.9035713298270756,25,Tg,GluA2,NN,,1000.0,False,t1000,Tg-GluA2
0.8382090161381894,26,Tg,GluA2,NN,,1000.0,False,t1000,Tg-GluA2
0.9212375851366033,27,WT,Veh,NN,,1000.0,False,t1000,WT-Veh
0.8004764247544965,28,WT,GluA2,NN,,1000.0,False,t1000,WT-GluA2
0.9273183669603108,29,Tg,GluA2,NN,,1000.0,False,t1000,Tg-GluA2
0.7081943644874826,30,Tg,Veh,NN,,1000.0,False,t1000,Tg-Veh
0.7161730743105557,0,WT,GluA2,SVM,,1000.0,False,t1000,WT-GluA2
0.9489172200927652,1,WT,Veh,SVM,,1000.0,False,t1000,WT-Veh
0.943558955309798,2,WT,Veh,SVM,,1000.0,False,t1000,WT-Veh
0.9200436731476648,4,WT,Veh,SVM,,1000.0,False,t1000,WT-Veh
0.9451229781775412,6,WT,GluA2,SVM,,1000.0,False,t1000,WT-GluA2
0.6858921153117206,7,Tg,Veh,SVM,,1000.0,False,t1000,Tg-Veh
0.907052465118001,9,WT,Veh,SVM,,1000.0,False,t1000,WT-Veh
0.8755078568405732,10,WT,Veh,SVM,,1000.0,False,t1000,WT-Veh
0.7768804062829278,11,WT,Veh,SVM,,1000.0,False,t1000,WT-Veh
0.9507999603293332,12,Tg,Veh,SVM,,1000.0,False,t1000,Tg-Veh
0.697882178530046,14,Tg,GluA2,SVM,,1000.0,False,t1000,Tg-GluA2
0.769057995594256,15,Tg,GluA2,SVM,,1000.0,False,t1000,Tg-GluA2
0.7599964002144746,16,Tg,Veh,SVM,,1000.0,False,t1000,Tg-Veh
0.9771328828541848,17,WT,Veh,SVM,,1000.0,False,t1000,WT-Veh
0.9518485453899984,18,WT,GluA2,SVM,,1000.0,False,t1000,WT-GluA2
0.8647579845847083,19,WT,GluA2,SVM,,1000.0,False,t1000,WT-GluA2
0.8536978648064117,20,WT,Veh,SVM,,1000.0,False,t1000,WT-Veh
0.6962882848374066,21,WT,GluA2,SVM,,1000.0,False,t1000,WT-GluA2
0.7900279698281463,22,WT,Veh,SVM,,1000.0,False,t1000,WT-Veh
0.8737659894522795,23,Tg,GluA2,SVM,,1000.0,False,t1000,Tg-GluA2
0.6157535327001111,24,Tg,GluA2,SVM,,1000.0,False,t1000,Tg-GluA2
0.9274345979552544,25,Tg,GluA2,SVM,,1000.0,False,t1000,Tg-GluA2
0.871912514745303,26,Tg,GluA2,SVM,,1000.0,False,t1000,Tg-GluA2
0.9546593375097736,27,WT,Veh,SVM,,1000.0,False,t1000,WT-Veh
0.8287934281412817,28,WT,GluA2,SVM,,1000.0,False,t1000,WT-GluA2
0.9433432793407218,29,Tg,GluA2,SVM,,1000.0,False,t1000,Tg-GluA2
0.6652475061241303,30,Tg,Veh,SVM,,1000.0,False,t1000,Tg-Veh
