,bacc,animal,genotype,condition,classifier,cell,trial,equal_bacc_sample,cell_trial,cond
0,0.6913272374619008,0,WT,Veh,LDA,,,True,baseline,WT-Veh
0,0.7000975745748537,1,WT,Veh,LDA,,,True,baseline,WT-Veh
0,0.5556826849733029,2,WT,Veh,LDA,,,True,baseline,WT-Veh
0,0.7456682235949978,3,WT,Veh,LDA,,,True,baseline,WT-Veh
0,0.765897435897436,4,WT,Veh,LDA,,,True,baseline,WT-Veh
0,0.680026158445441,5,WT,Veh,LDA,,,True,baseline,WT-Veh
0,0.708546671918078,6,WT,Veh,LDA,,,True,baseline,WT-Veh
0,0.7256052824651504,7,WT,Veh,LDA,,,True,baseline,WT-Veh
0,0.6582278481012658,8,WT,Veh,LDA,,,True,baseline,WT-Veh
0,0.6702888947786907,9,WT,Veh,LDA,,,True,baseline,WT-Veh
0,0.6342436974789916,10,WT,GluA2,LDA,,,True,baseline,WT-GluA2
0,0.5042553191489362,11,WT,GluA2,LDA,,,True,baseline,WT-GluA2
0,0.6516447993915193,12,WT,GluA2,LDA,,,True,baseline,WT-GluA2
0,0.6190970420342501,13,WT,GluA2,LDA,,,True,baseline,WT-GluA2
0,0.8134031413612566,14,WT,GluA2,LDA,,,True,baseline,WT-GluA2
0,0.6746081504702195,15,WT,GluA2,LDA,,,True,baseline,WT-GluA2
0,0.6930045294413689,16,WT,GluA2,LDA,,,True,baseline,WT-GluA2
0,0.65,17,Tg,Veh,LDA,,,True,baseline,Tg-Veh
0,0.5,18,Tg,Veh,LDA,,,True,baseline,Tg-Veh
0,0.7095959595959596,19,Tg,Veh,LDA,,,True,baseline,Tg-Veh
0,0.6183539694100509,20,Tg,Veh,LDA,,,True,baseline,Tg-Veh
0,0.5061664953751285,21,Tg,Veh,LDA,,,True,baseline,Tg-Veh
0,0.7194368755676657,22,Tg,Veh,LDA,,,True,baseline,Tg-Veh
0,0.5,23,Tg,Veh,LDA,,,True,baseline,Tg-Veh
0,0.4989136338946225,24,Tg,GluA2,LDA,,,True,baseline,Tg-GluA2
0,0.5551558752997602,25,Tg,GluA2,LDA,,,True,baseline,Tg-GluA2
0,0.5844349283187489,26,Tg,GluA2,LDA,,,True,baseline,Tg-GluA2
0,0.6846632124352332,27,Tg,GluA2,LDA,,,True,baseline,Tg-GluA2
0,0.6912811387900355,28,Tg,GluA2,LDA,,,True,baseline,Tg-GluA2
0,0.7306075257515241,29,Tg,GluA2,LDA,,,True,baseline,Tg-GluA2
0,0.6538789428815004,30,Tg,GluA2,LDA,,,True,baseline,Tg-GluA2
0,0.7844278193405375,0,WT,Veh,NB,,,True,baseline,WT-Veh
0,0.7603847226094229,1,WT,Veh,NB,,,True,baseline,WT-Veh
0,0.7909992372234935,2,WT,Veh,NB,,,True,baseline,WT-Veh
0,0.7690221485610969,3,WT,Veh,NB,,,True,baseline,WT-Veh
0,0.7738461538461539,4,WT,Veh,NB,,,True,baseline,WT-Veh
0,0.6595665171898355,5,WT,Veh,NB,,,True,baseline,WT-Veh
0,0.8591965340685309,6,WT,Veh,NB,,,True,baseline,WT-Veh
0,0.6968696502812424,7,WT,Veh,NB,,,True,baseline,WT-Veh
0,0.6489776046738072,8,WT,Veh,NB,,,True,baseline,WT-Veh
0,0.8576729393055924,9,WT,Veh,NB,,,True,baseline,WT-Veh
0,0.6903361344537815,10,WT,GluA2,NB,,,True,baseline,WT-GluA2
0,0.7031914893617022,11,WT,GluA2,NB,,,True,baseline,WT-GluA2
0,0.7768587183875262,12,WT,GluA2,NB,,,True,baseline,WT-GluA2
0,0.8321224701608718,13,WT,GluA2,NB,,,True,baseline,WT-GluA2
0,0.7736125654450261,14,WT,GluA2,NB,,,True,baseline,WT-GluA2
0,0.6900731452455591,15,WT,GluA2,NB,,,True,baseline,WT-GluA2
0,0.7232008052340211,16,WT,GluA2,NB,,,True,baseline,WT-GluA2
0,0.85,17,Tg,Veh,NB,,,True,baseline,Tg-Veh
0,0.651080410910379,18,Tg,Veh,NB,,,True,baseline,Tg-Veh
0,0.9090909090909092,19,Tg,Veh,NB,,,True,baseline,Tg-Veh
0,0.7774945375091041,20,Tg,Veh,NB,,,True,baseline,Tg-Veh
0,0.7096608427543679,21,Tg,Veh,NB,,,True,baseline,Tg-Veh
0,0.689464123524069,22,Tg,Veh,NB,,,True,baseline,Tg-Veh
0,0.6847769028871391,23,Tg,Veh,NB,,,True,baseline,Tg-Veh
0,0.7103476371537207,24,Tg,GluA2,NB,,,True,baseline,Tg-GluA2
0,0.6915039397053786,25,Tg,GluA2,NB,,,True,baseline,Tg-GluA2
0,0.7609383727425061,26,Tg,GluA2,NB,,,True,baseline,Tg-GluA2
0,0.6898445595854923,27,Tg,GluA2,NB,,,True,baseline,Tg-GluA2
0,0.7709074733096086,28,Tg,GluA2,NB,,,True,baseline,Tg-GluA2
0,0.7150515030481396,29,Tg,GluA2,NB,,,True,baseline,Tg-GluA2
0,0.7416879795396419,30,Tg,GluA2,NB,,,True,baseline,Tg-GluA2
0,0.8952618453865336,0,WT,Veh,QDA,,,True,baseline,WT-Veh
0,0.8493169779760246,1,WT,Veh,QDA,,,True,baseline,WT-Veh
0,0.8790999237223494,2,WT,Veh,QDA,,,True,baseline,WT-Veh
0,0.8176133795389483,3,WT,Veh,QDA,,,True,baseline,WT-Veh
0,0.787094017094017,4,WT,Veh,QDA,,,True,baseline,WT-Veh
0,0.679559043348281,5,WT,Veh,QDA,,,True,baseline,WT-Veh
0,0.932256794013391,6,WT,Veh,QDA,,,True,baseline,WT-Veh
0,0.7394228417706041,7,WT,Veh,QDA,,,True,baseline,WT-Veh
0,0.7015579357351509,8,WT,Veh,QDA,,,True,baseline,WT-Veh
0,0.8931884442088524,9,WT,Veh,QDA,,,True,baseline,WT-Veh
0,0.707282913165266,10,WT,GluA2,QDA,,,True,baseline,WT-GluA2
0,0.7468085106382978,11,WT,GluA2,QDA,,,True,baseline,WT-GluA2
0,0.8725042783799202,12,WT,GluA2,QDA,,,True,baseline,WT-GluA2
0,0.910352880124546,13,WT,GluA2,QDA,,,True,baseline,WT-GluA2
0,0.7936125654450261,14,WT,GluA2,QDA,,,True,baseline,WT-GluA2
0,0.7165099268547545,15,WT,GluA2,QDA,,,True,baseline,WT-GluA2
0,0.7649723200805234,16,WT,GluA2,QDA,,,True,baseline,WT-GluA2
0,0.8,17,Tg,Veh,QDA,,,True,baseline,Tg-Veh
0,0.6257527453064117,18,Tg,Veh,QDA,,,True,baseline,Tg-Veh
0,0.9804292929292929,19,Tg,Veh,QDA,,,True,baseline,Tg-Veh
0,0.90203932993445,20,Tg,Veh,QDA,,,True,baseline,Tg-Veh
0,0.7718396711202467,21,Tg,Veh,QDA,,,True,baseline,Tg-Veh
0,0.7146230699364214,22,Tg,Veh,QDA,,,True,baseline,Tg-Veh
0,0.6538057742782153,23,Tg,Veh,QDA,,,True,baseline,Tg-Veh
0,0.728408473655622,24,Tg,GluA2,QDA,,,True,baseline,Tg-GluA2
0,0.7086330935251799,25,Tg,GluA2,QDA,,,True,baseline,Tg-GluA2
0,0.7965928132563769,26,Tg,GluA2,QDA,,,True,baseline,Tg-GluA2
0,0.7002072538860104,27,Tg,GluA2,QDA,,,True,baseline,Tg-GluA2
0,0.8547597864768683,28,Tg,GluA2,QDA,,,True,baseline,Tg-GluA2
0,0.7819003573680892,29,Tg,GluA2,QDA,,,True,baseline,Tg-GluA2
0,0.8953537936913896,30,Tg,GluA2,QDA,,,True,baseline,Tg-GluA2
0,0.9639789415350513,0,WT,Veh,NN,,,True,baseline,WT-Veh
0,0.9643155840535266,1,WT,Veh,NN,,,True,baseline,WT-Veh
0,0.8058733790999237,2,WT,Veh,NN,,,True,baseline,WT-Veh
0,0.9704685852041586,3,WT,Veh,NN,,,True,baseline,WT-Veh
0,0.9299999999999999,4,WT,Veh,NN,,,True,baseline,WT-Veh
0,0.8319319880418535,5,WT,Veh,NN,,,True,baseline,WT-Veh
0,0.9852304056715242,6,WT,Veh,NN,,,True,baseline,WT-Veh
0,0.8928833455612619,7,WT,Veh,NN,,,True,baseline,WT-Veh
0,0.8566212268743914,8,WT,Veh,NN,,,True,baseline,WT-Veh
0,0.9772064670023854,9,WT,Veh,NN,,,True,baseline,WT-Veh
0,0.8121148459383754,10,WT,GluA2,NN,,,True,baseline,WT-GluA2
0,0.5872340425531914,11,WT,GluA2,NN,,,True,baseline,WT-GluA2
0,0.9683399885909869,12,WT,GluA2,NN,,,True,baseline,WT-GluA2
0,0.977815256875973,13,WT,GluA2,NN,,,True,baseline,WT-GluA2
0,0.9007329842931937,14,WT,GluA2,NN,,,True,baseline,WT-GluA2
0,0.7966562173458726,15,WT,GluA2,NN,,,True,baseline,WT-GluA2
0,0.86852038248616,16,WT,GluA2,NN,,,True,baseline,WT-GluA2
0,0.5,17,Tg,Veh,NN,,,True,baseline,Tg-Veh
0,0.6415161176053843,18,Tg,Veh,NN,,,True,baseline,Tg-Veh
0,0.9861111111111112,19,Tg,Veh,NN,,,True,baseline,Tg-Veh
0,0.8911143481427531,20,Tg,Veh,NN,,,True,baseline,Tg-Veh
0,0.6279547790339157,21,Tg,Veh,NN,,,True,baseline,Tg-Veh
0,0.8052679382379655,22,Tg,Veh,NN,,,True,baseline,Tg-Veh
0,0.5020997375328083,23,Tg,Veh,NN,,,True,baseline,Tg-Veh
0,0.7024714828897338,24,Tg,GluA2,NN,,,True,baseline,Tg-GluA2
0,0.7692702980472764,25,Tg,GluA2,NN,,,True,baseline,Tg-GluA2
0,0.9295289517780674,26,Tg,GluA2,NN,,,True,baseline,Tg-GluA2
0,0.7205181347150259,27,Tg,GluA2,NN,,,True,baseline,Tg-GluA2
0,0.9539590747330962,28,Tg,GluA2,NN,,,True,baseline,Tg-GluA2
0,0.9405087239857053,29,Tg,GluA2,NN,,,True,baseline,Tg-GluA2
0,0.969309462915601,30,Tg,GluA2,NN,,,True,baseline,Tg-GluA2
0,0.9749238016070934,0,WT,Veh,SVM,,,True,baseline,WT-Veh
0,0.980415388904377,1,WT,Veh,SVM,,,True,baseline,WT-Veh
0,0.8897787948131197,2,WT,Veh,SVM,,,True,baseline,WT-Veh
0,0.9730299834262468,3,WT,Veh,SVM,,,True,baseline,WT-Veh
0,0.9388034188034189,4,WT,Veh,SVM,,,True,baseline,WT-Veh
0,0.8372571001494769,5,WT,Veh,SVM,,,True,baseline,WT-Veh
0,0.9881843245372194,6,WT,Veh,SVM,,,True,baseline,WT-Veh
0,0.9408168256297383,7,WT,Veh,SVM,,,True,baseline,WT-Veh
0,0.8788948393378773,8,WT,Veh,SVM,,,True,baseline,WT-Veh
0,0.9892658362046116,9,WT,Veh,SVM,,,True,baseline,WT-Veh
0,0.8084733893557423,10,WT,GluA2,SVM,,,True,baseline,WT-GluA2
0,0.6159574468085107,11,WT,GluA2,SVM,,,True,baseline,WT-GluA2
0,0.9758509222285605,12,WT,GluA2,SVM,,,True,baseline,WT-GluA2
0,0.9865075246497146,13,WT,GluA2,SVM,,,True,baseline,WT-GluA2
0,0.9258638743455497,14,WT,GluA2,SVM,,,True,baseline,WT-GluA2
0,0.8110762800417972,15,WT,GluA2,SVM,,,True,baseline,WT-GluA2
0,0.8951937594363362,16,WT,GluA2,SVM,,,True,baseline,WT-GluA2
0,0.65,17,Tg,Veh,SVM,,,True,baseline,Tg-Veh
0,0.5843074743181014,18,Tg,Veh,SVM,,,True,baseline,Tg-Veh
0,0.9886363636363636,19,Tg,Veh,SVM,,,True,baseline,Tg-Veh
0,0.9457392571012382,20,Tg,Veh,SVM,,,True,baseline,Tg-Veh
0,0.6901336073997945,21,Tg,Veh,SVM,,,True,baseline,Tg-Veh
0,0.8138056312443234,22,Tg,Veh,SVM,,,True,baseline,Tg-Veh
0,0.5,23,Tg,Veh,SVM,,,True,baseline,Tg-Veh
0,0.6461162411732754,24,Tg,GluA2,SVM,,,True,baseline,Tg-GluA2
0,0.7840013703323055,25,Tg,GluA2,SVM,,,True,baseline,Tg-GluA2
0,0.9543846583504003,26,Tg,GluA2,SVM,,,True,baseline,Tg-GluA2
0,0.6823834196891192,27,Tg,GluA2,SVM,,,True,baseline,Tg-GluA2
0,0.9679715302491103,28,Tg,GluA2,SVM,,,True,baseline,Tg-GluA2
0,0.9639478663022913,29,Tg,GluA2,SVM,,,True,baseline,Tg-GluA2
0,0.9733589087809036,30,Tg,GluA2,SVM,,,True,baseline,Tg-GluA2
0,0.5651149903020227,0,WT,Veh,LDA,25,600,True,c25_t600,WT-Veh
0,0.6368831892946752,1,WT,Veh,LDA,25,600,True,c25_t600,WT-Veh
0,0.5202135774218154,2,WT,Veh,LDA,25,600,True,c25_t600,WT-Veh
0,0.6707849932198282,3,WT,Veh,LDA,25,600,True,c25_t600,WT-Veh
0,0.6976923076923077,4,WT,Veh,LDA,25,600,True,c25_t600,WT-Veh
0,0.6268684603886397,5,WT,Veh,LDA,25,600,True,c25_t600,WT-Veh
0,0.5267821977156361,6,WT,Veh,LDA,25,600,True,c25_t600,WT-Veh
0,0.6681340180973343,7,WT,Veh,LDA,25,600,True,c25_t600,WT-Veh
0,0.6024829600778967,8,WT,Veh,LDA,25,600,True,c25_t600,WT-Veh
0,0.60654651470978,9,WT,Veh,LDA,25,600,True,c25_t600,WT-Veh
0,0.6337535014005602,10,WT,GluA2,LDA,25,600,True,c25_t600,WT-GluA2
0,0.498936170212766,11,WT,GluA2,LDA,25,600,True,c25_t600,WT-GluA2
0,0.5638904734740444,12,WT,GluA2,LDA,25,600,True,c25_t600,WT-GluA2
0,0.5223144784639336,13,WT,GluA2,LDA,25,600,True,c25_t600,WT-GluA2
0,0.7554973821989529,14,WT,GluA2,LDA,25,600,True,c25_t600,WT-GluA2
0,0.6688610240334378,15,WT,GluA2,LDA,25,600,True,c25_t600,WT-GluA2
0,0.6065676899849018,16,WT,GluA2,LDA,25,600,True,c25_t600,WT-GluA2
0,0.5,17,Tg,Veh,LDA,25,600,True,c25_t600,Tg-Veh
0,0.4998228834573149,18,Tg,Veh,LDA,25,600,True,c25_t600,Tg-Veh
0,0.5006313131313131,19,Tg,Veh,LDA,25,600,True,c25_t600,Tg-Veh
0,0.5010924981791697,20,Tg,Veh,LDA,25,600,True,c25_t600,Tg-Veh
0,0.5010277492291881,21,Tg,Veh,LDA,25,600,True,c25_t600,Tg-Veh
0,0.6301544050862852,22,Tg,Veh,LDA,25,600,True,c25_t600,Tg-Veh
0,0.5,23,Tg,Veh,LDA,25,600,True,c25_t600,Tg-Veh
0,0.49891363389462245,24,Tg,GluA2,LDA,25,600,True,c25_t600,Tg-GluA2
0,0.5219253168893456,25,Tg,GluA2,LDA,25,600,True,c25_t600,Tg-GluA2
0,0.5208527276112456,26,Tg,GluA2,LDA,25,600,True,c25_t600,Tg-GluA2
0,0.6848704663212435,27,Tg,GluA2,LDA,25,600,True,c25_t600,Tg-GluA2
0,0.5533807829181494,28,Tg,GluA2,LDA,25,600,True,c25_t600,Tg-GluA2
0,0.6423165860836662,29,Tg,GluA2,LDA,25,600,True,c25_t600,Tg-GluA2
0,0.5193947144075022,30,Tg,GluA2,LDA,25,600,True,c25_t600,Tg-GluA2
0,0.7396785813244666,0,WT,Veh,NB,25,600,True,c25_t600,WT-Veh
0,0.7092277669361584,1,WT,Veh,NB,25,600,True,c25_t600,WT-Veh
0,0.6872616323417239,2,WT,Veh,NB,25,600,True,c25_t600,WT-Veh
0,0.7327858972427301,3,WT,Veh,NB,25,600,True,c25_t600,WT-Veh
0,0.7020512820512821,4,WT,Veh,NB,25,600,True,c25_t600,WT-Veh
0,0.6199551569506727,5,WT,Veh,NB,25,600,True,c25_t600,WT-Veh
0,0.7443875541551792,6,WT,Veh,NB,25,600,True,c25_t600,WT-Veh
0,0.6530936659329909,7,WT,Veh,NB,25,600,True,c25_t600,WT-Veh
0,0.6068646543330087,8,WT,Veh,NB,25,600,True,c25_t600,WT-Veh
0,0.7491386164855552,9,WT,Veh,NB,25,600,True,c25_t600,WT-Veh
0,0.6893557422969188,10,WT,GluA2,NB,25,600,True,c25_t600,WT-GluA2
0,0.6053191489361702,11,WT,GluA2,NB,25,600,True,c25_t600,WT-GluA2
0,0.689009317360715,12,WT,GluA2,NB,25,600,True,c25_t600,WT-GluA2
0,0.7560975609756098,13,WT,GluA2,NB,25,600,True,c25_t600,WT-GluA2
0,0.7221989528795811,14,WT,GluA2,NB,25,600,True,c25_t600,WT-GluA2
0,0.6862068965517241,15,WT,GluA2,NB,25,600,True,c25_t600,WT-GluA2
0,0.6485908404630095,16,WT,GluA2,NB,25,600,True,c25_t600,WT-GluA2
0,0.7,17,Tg,Veh,NB,25,600,True,c25_t600,Tg-Veh
0,0.5805880269217145,18,Tg,Veh,NB,25,600,True,c25_t600,Tg-Veh
0,0.7771464646464646,19,Tg,Veh,NB,25,600,True,c25_t600,Tg-Veh
0,0.6442097596504006,20,Tg,Veh,NB,25,600,True,c25_t600,Tg-Veh
0,0.6238437821171634,21,Tg,Veh,NB,25,600,True,c25_t600,Tg-Veh
0,0.5963669391462307,22,Tg,Veh,NB,25,600,True,c25_t600,Tg-Veh
0,0.552755905511811,23,Tg,Veh,NB,25,600,True,c25_t600,Tg-Veh
0,0.6871265616512765,24,Tg,GluA2,NB,25,600,True,c25_t600,Tg-GluA2
0,0.6855087358684482,25,Tg,GluA2,NB,25,600,True,c25_t600,Tg-GluA2
0,0.7240737292869112,26,Tg,GluA2,NB,25,600,True,c25_t600,Tg-GluA2
0,0.685181347150259,27,Tg,GluA2,NB,25,600,True,c25_t600,Tg-GluA2
0,0.7137455516014235,28,Tg,GluA2,NB,25,600,True,c25_t600,Tg-GluA2
0,0.6892999789783477,29,Tg,GluA2,NB,25,600,True,c25_t600,Tg-GluA2
0,0.6118925831202047,30,Tg,GluA2,NB,25,600,True,c25_t600,Tg-GluA2
0,0.785120532003325,0,WT,Veh,QDA,25,600,True,c25_t600,WT-Veh
0,0.7602453303596319,1,WT,Veh,QDA,25,600,True,c25_t600,WT-Veh
0,0.7082379862700229,2,WT,Veh,QDA,25,600,True,c25_t600,WT-Veh
0,0.7440108482748229,3,WT,Veh,QDA,25,600,True,c25_t600,WT-Veh
0,0.7113675213675215,4,WT,Veh,QDA,25,600,True,c25_t600,WT-Veh
0,0.6308856502242153,5,WT,Veh,QDA,25,600,True,c25_t600,WT-Veh
0,0.8227648680582906,6,WT,Veh,QDA,25,600,True,c25_t600,WT-Veh
0,0.6762044509660063,7,WT,Veh,QDA,25,600,True,c25_t600,WT-Veh
0,0.6310856864654333,8,WT,Veh,QDA,25,600,True,c25_t600,WT-Veh
0,0.775245163000265,9,WT,Veh,QDA,25,600,True,c25_t600,WT-Veh
0,0.7078431372549019,10,WT,GluA2,QDA,25,600,True,c25_t600,WT-GluA2
0,0.6723404255319149,11,WT,GluA2,QDA,25,600,True,c25_t600,WT-GluA2
0,0.7467199087278951,12,WT,GluA2,QDA,25,600,True,c25_t600,WT-GluA2
0,0.7935910742086144,13,WT,GluA2,QDA,25,600,True,c25_t600,WT-GluA2
0,0.7349738219895288,14,WT,GluA2,QDA,25,600,True,c25_t600,WT-GluA2
0,0.7153605015673982,15,WT,GluA2,QDA,25,600,True,c25_t600,WT-GluA2
0,0.6741318570709612,16,WT,GluA2,QDA,25,600,True,c25_t600,WT-GluA2
0,0.9,17,Tg,Veh,QDA,25,600,True,c25_t600,Tg-Veh
0,0.5,18,Tg,Veh,QDA,25,600,True,c25_t600,Tg-Veh
0,0.8106060606060606,19,Tg,Veh,QDA,25,600,True,c25_t600,Tg-Veh
0,0.6646030589949017,20,Tg,Veh,QDA,25,600,True,c25_t600,Tg-Veh
0,0.6202466598150052,21,Tg,Veh,QDA,25,600,True,c25_t600,Tg-Veh
0,0.6084468664850136,22,Tg,Veh,QDA,25,600,True,c25_t600,Tg-Veh
0,0.5,23,Tg,Veh,QDA,25,600,True,c25_t600,Tg-Veh
0,0.7001629549158066,24,Tg,GluA2,QDA,25,600,True,c25_t600,Tg-GluA2
0,0.6964713943131209,25,Tg,GluA2,QDA,25,600,True,c25_t600,Tg-GluA2
0,0.7400856451312605,26,Tg,GluA2,QDA,25,600,True,c25_t600,Tg-GluA2
0,0.7012435233160621,27,Tg,GluA2,QDA,25,600,True,c25_t600,Tg-GluA2
0,0.7508896797153025,28,Tg,GluA2,QDA,25,600,True,c25_t600,Tg-GluA2
0,0.6952911498843809,29,Tg,GluA2,QDA,25,600,True,c25_t600,Tg-GluA2
0,0.6935208866155158,30,Tg,GluA2,QDA,25,600,True,c25_t600,Tg-GluA2
0,0.9114713216957606,0,WT,Veh,NN,25,600,True,c25_t600,WT-Veh
0,0.9259130192361305,1,WT,Veh,NN,25,600,True,c25_t600,WT-Veh
0,0.6613272311212814,2,WT,Veh,NN,25,600,True,c25_t600,WT-Veh
0,0.9527648033750189,3,WT,Veh,NN,25,600,True,c25_t600,WT-Veh
0,0.8688034188034188,4,WT,Veh,NN,25,600,True,c25_t600,WT-Veh
0,0.7577541106128549,5,WT,Veh,NN,25,600,True,c25_t600,WT-Veh
0,0.9643560456872784,6,WT,Veh,NN,25,600,True,c25_t600,WT-Veh
0,0.8253851797505503,7,WT,Veh,NN,25,600,True,c25_t600,WT-Veh
0,0.7915043816942551,8,WT,Veh,NN,25,600,True,c25_t600,WT-Veh
0,0.9200901139676649,9,WT,Veh,NN,25,600,True,c25_t600,WT-Veh
0,0.8022408963585435,10,WT,GluA2,NN,25,600,True,c25_t600,WT-GluA2
0,0.5095744680851064,11,WT,GluA2,NN,25,600,True,c25_t600,WT-GluA2
0,0.9447613614755657,12,WT,GluA2,NN,25,600,True,c25_t600,WT-GluA2
0,0.9628956927867152,13,WT,GluA2,NN,25,600,True,c25_t600,WT-GluA2
0,0.8100523560209424,14,WT,GluA2,NN,25,600,True,c25_t600,WT-GluA2
0,0.786833855799373,15,WT,GluA2,NN,25,600,True,c25_t600,WT-GluA2
0,0.7386763965777554,16,WT,GluA2,NN,25,600,True,c25_t600,WT-GluA2
0,0.5,17,Tg,Veh,NN,25,600,True,c25_t600,Tg-Veh
0,0.5515409139213603,18,Tg,Veh,NN,25,600,True,c25_t600,Tg-Veh
0,0.8667929292929293,19,Tg,Veh,NN,25,600,True,c25_t600,Tg-Veh
0,0.7876911871813548,20,Tg,Veh,NN,25,600,True,c25_t600,Tg-Veh
0,0.5719424460431655,21,Tg,Veh,NN,25,600,True,c25_t600,Tg-Veh
0,0.707447774750227,22,Tg,Veh,NN,25,600,True,c25_t600,Tg-Veh
0,0.5,23,Tg,Veh,NN,25,600,True,c25_t600,Tg-Veh
0,0.6519554589896795,24,Tg,GluA2,NN,25,600,True,c25_t600,Tg-GluA2
0,0.7314148681055156,25,Tg,GluA2,NN,25,600,True,c25_t600,Tg-GluA2
0,0.8342021969838019,26,Tg,GluA2,NN,25,600,True,c25_t600,Tg-GluA2
0,0.7204145077720208,27,Tg,GluA2,NN,25,600,True,c25_t600,Tg-GluA2
0,0.8463078291814947,28,Tg,GluA2,NN,25,600,True,c25_t600,Tg-GluA2
0,0.8878494849695187,29,Tg,GluA2,NN,25,600,True,c25_t600,Tg-GluA2
0,0.9094202898550725,30,Tg,GluA2,NN,25,600,True,c25_t600,Tg-GluA2
0,0.9326683291770573,0,WT,Veh,SVM,25,600,True,c25_t600,WT-Veh
0,0.9302341789796487,1,WT,Veh,SVM,25,600,True,c25_t600,WT-Veh
0,0.6430205949656751,2,WT,Veh,SVM,25,600,True,c25_t600,WT-Veh
0,0.9494500527346693,3,WT,Veh,SVM,25,600,True,c25_t600,WT-Veh
0,0.8681196581196582,4,WT,Veh,SVM,25,600,True,c25_t600,WT-Veh
0,0.7677503736920778,5,WT,Veh,SVM,25,600,True,c25_t600,WT-Veh
0,0.9529342260732572,6,WT,Veh,SVM,25,600,True,c25_t600,WT-Veh
0,0.8299095133284422,7,WT,Veh,SVM,25,600,True,c25_t600,WT-Veh
0,0.7932083739045764,8,WT,Veh,SVM,25,600,True,c25_t600,WT-Veh
0,0.9257884972170687,9,WT,Veh,SVM,25,600,True,c25_t600,WT-Veh
0,0.8067226890756303,10,WT,GluA2,SVM,25,600,True,c25_t600,WT-GluA2
0,0.5063829787234042,11,WT,GluA2,SVM,25,600,True,c25_t600,WT-GluA2
0,0.9461874881156114,12,WT,GluA2,SVM,25,600,True,c25_t600,WT-GluA2
0,0.9561494551115723,13,WT,GluA2,SVM,25,600,True,c25_t600,WT-GluA2
0,0.8076439790575916,14,WT,GluA2,SVM,25,600,True,c25_t600,WT-GluA2
0,0.7954022988505747,15,WT,GluA2,SVM,25,600,True,c25_t600,WT-GluA2
0,0.7394313034725717,16,WT,GluA2,SVM,25,600,True,c25_t600,WT-GluA2
0,0.75,17,Tg,Veh,SVM,25,600,True,c25_t600,Tg-Veh
0,0.5166489550123982,18,Tg,Veh,SVM,25,600,True,c25_t600,Tg-Veh
0,0.8648989898989898,19,Tg,Veh,SVM,25,600,True,c25_t600,Tg-Veh
0,0.7851420247632921,20,Tg,Veh,SVM,25,600,True,c25_t600,Tg-Veh
0,0.5585817060637205,21,Tg,Veh,SVM,25,600,True,c25_t600,Tg-Veh
0,0.7055404178019982,22,Tg,Veh,SVM,25,600,True,c25_t600,Tg-Veh
0,0.5,23,Tg,Veh,SVM,25,600,True,c25_t600,Tg-Veh
0,0.574008690928843,24,Tg,GluA2,SVM,25,600,True,c25_t600,Tg-GluA2
0,0.723364165810209,25,Tg,GluA2,SVM,25,600,True,c25_t600,Tg-GluA2
0,0.8447216533234034,26,Tg,GluA2,SVM,25,600,True,c25_t600,Tg-GluA2
0,0.6933678756476684,27,Tg,GluA2,SVM,25,600,True,c25_t600,Tg-GluA2
0,0.8398576512455516,28,Tg,GluA2,SVM,25,600,True,c25_t600,Tg-GluA2
0,0.8890056758461216,29,Tg,GluA2,SVM,25,600,True,c25_t600,Tg-GluA2
0,0.8991901108269396,30,Tg,GluA2,SVM,25,600,True,c25_t600,Tg-GluA2
0,0.5653920753671378,0,WT,Veh,LDA,25,,True,c25,WT-Veh
0,0.6337468636743797,1,WT,Veh,LDA,25,,True,c25,WT-Veh
0,0.5175438596491229,2,WT,Veh,LDA,25,,True,c25,WT-Veh
0,0.6738737381346994,3,WT,Veh,LDA,25,,True,c25,WT-Veh
0,0.6995726495726495,4,WT,Veh,LDA,25,,True,c25,WT-Veh
0,0.625373692077728,5,WT,Veh,LDA,25,,True,c25,WT-Veh
0,0.5259944860181174,6,WT,Veh,LDA,25,,True,c25,WT-Veh
0,0.6685008559550012,7,WT,Veh,LDA,25,,True,c25,WT-Veh
0,0.6026046738072055,8,WT,Veh,LDA,25,,True,c25,WT-Veh
0,0.6081367611979857,9,WT,Veh,LDA,25,,True,c25,WT-Veh
0,0.6320728291316526,10,WT,GluA2,LDA,25,,True,c25,WT-GluA2
0,0.5,11,WT,GluA2,LDA,25,,True,c25,WT-GluA2
0,0.5671230271914812,12,WT,GluA2,LDA,25,,True,c25,WT-GluA2
0,0.523482096523093,13,WT,GluA2,LDA,25,,True,c25,WT-GluA2
0,0.7522513089005236,14,WT,GluA2,LDA,25,,True,c25,WT-GluA2
0,0.6691745036572623,15,WT,GluA2,LDA,25,,True,c25,WT-GluA2
0,0.6040513336688474,16,WT,GluA2,LDA,25,,True,c25,WT-GluA2
0,0.5,17,Tg,Veh,LDA,25,,True,c25,Tg-Veh
0,0.5,18,Tg,Veh,LDA,25,,True,c25,Tg-Veh
0,0.5025252525252525,19,Tg,Veh,LDA,25,,True,c25,Tg-Veh
0,0.5007283321194465,20,Tg,Veh,LDA,25,,True,c25,Tg-Veh
0,0.5020554984583762,21,Tg,Veh,LDA,25,,True,c25,Tg-Veh
0,0.6274296094459582,22,Tg,Veh,LDA,25,,True,c25,Tg-Veh
0,0.5,23,Tg,Veh,LDA,25,,True,c25,Tg-Veh
0,0.4997284084736556,24,Tg,GluA2,LDA,25,,True,c25,Tg-GluA2
0,0.5222678999657417,25,Tg,GluA2,LDA,25,,True,c25,Tg-GluA2
0,0.5186185067957549,26,Tg,GluA2,LDA,25,,True,c25,Tg-GluA2
0,0.686321243523316,27,Tg,GluA2,LDA,25,,True,c25,Tg-GluA2
0,0.5527135231316725,28,Tg,GluA2,LDA,25,,True,c25,Tg-GluA2
0,0.6408450704225352,29,Tg,GluA2,LDA,25,,True,c25,Tg-GluA2
0,0.5168371696504689,30,Tg,GluA2,LDA,25,,True,c25,Tg-GluA2
0,0.7348295926849542,0,WT,Veh,NB,25,,True,c25,WT-Veh
0,0.7078338444382493,1,WT,Veh,NB,25,,True,c25,WT-Veh
0,0.6693363844393592,2,WT,Veh,NB,25,,True,c25,WT-Veh
0,0.7337652553864698,3,WT,Veh,NB,25,,True,c25,WT-Veh
0,0.7007692307692308,4,WT,Veh,NB,25,,True,c25,WT-Veh
0,0.6230381165919283,5,WT,Veh,NB,25,,True,c25,WT-Veh
0,0.7453721937770776,6,WT,Veh,NB,25,,True,c25,WT-Veh
0,0.657128882367327,7,WT,Veh,NB,25,,True,c25,WT-Veh
0,0.6096640701071081,8,WT,Veh,NB,25,,True,c25,WT-Veh
0,0.7483434932414524,9,WT,Veh,NB,25,,True,c25,WT-Veh
0,0.6891456582633053,10,WT,GluA2,NB,25,,True,c25,WT-GluA2
0,0.6223404255319149,11,WT,GluA2,NB,25,,True,c25,WT-GluA2
0,0.6878684160486785,12,WT,GluA2,NB,25,,True,c25,WT-GluA2
0,0.7563570316554229,13,WT,GluA2,NB,25,,True,c25,WT-GluA2
0,0.7212565445026178,14,WT,GluA2,NB,25,,True,c25,WT-GluA2
0,0.6882967607105538,15,WT,GluA2,NB,25,,True,c25,WT-GluA2
0,0.6533719174635129,16,WT,GluA2,NB,25,,True,c25,WT-GluA2
0,0.85,17,Tg,Veh,NB,25,,True,c25,Tg-Veh
0,0.5899752036840241,18,Tg,Veh,NB,25,,True,c25,Tg-Veh
0,0.7569444444444444,19,Tg,Veh,NB,25,,True,c25,Tg-Veh
0,0.6493080844865258,20,Tg,Veh,NB,25,,True,c25,Tg-Veh
0,0.6438848920863309,21,Tg,Veh,NB,25,,True,c25,Tg-Veh
0,0.5970935513169846,22,Tg,Veh,NB,25,,True,c25,Tg-Veh
0,0.5566929133858268,23,Tg,Veh,NB,25,,True,c25,Tg-Veh
0,0.6880771319934817,24,Tg,GluA2,NB,25,,True,c25,Tg-GluA2
0,0.6798561151079137,25,Tg,GluA2,NB,25,,True,c25,Tg-GluA2
0,0.7240737292869112,26,Tg,GluA2,NB,25,,True,c25,Tg-GluA2
0,0.6890155440414507,27,Tg,GluA2,NB,25,,True,c25,Tg-GluA2
0,0.7201957295373665,28,Tg,GluA2,NB,25,,True,c25,Tg-GluA2
0,0.6864620559175951,29,Tg,GluA2,NB,25,,True,c25,Tg-GluA2
0,0.6091219096334186,30,Tg,GluA2,NB,25,,True,c25,Tg-GluA2
0,0.78539761706844,0,WT,Veh,QDA,25,,True,c25,WT-Veh
0,0.7612907722330639,1,WT,Veh,QDA,25,,True,c25,WT-Veh
0,0.6998474446987033,2,WT,Veh,QDA,25,,True,c25,WT-Veh
0,0.744086183516649,3,WT,Veh,QDA,25,,True,c25,WT-Veh
0,0.7113675213675215,4,WT,Veh,QDA,25,,True,c25,WT-Veh
0,0.6295777279521674,5,WT,Veh,QDA,25,,True,c25,WT-Veh
0,0.8213863725876329,6,WT,Veh,QDA,25,,True,c25,WT-Veh
0,0.6764490095377843,7,WT,Veh,QDA,25,,True,c25,WT-Veh
0,0.630111976630964,8,WT,Veh,QDA,25,,True,c25,WT-Veh
0,0.7761728067850517,9,WT,Veh,QDA,25,,True,c25,WT-Veh
0,0.7081932773109243,10,WT,GluA2,QDA,25,,True,c25,WT-GluA2
0,0.6829787234042553,11,WT,GluA2,QDA,25,,True,c25,WT-GluA2
0,0.7470051340559042,12,WT,GluA2,QDA,25,,True,c25,WT-GluA2
0,0.796574987026466,13,WT,GluA2,QDA,25,,True,c25,WT-GluA2
0,0.7354973821989529,14,WT,GluA2,QDA,25,,True,c25,WT-GluA2
0,0.7171368861024033,15,WT,GluA2,QDA,25,,True,c25,WT-GluA2
0,0.6741318570709612,16,WT,GluA2,QDA,25,,True,c25,WT-GluA2
0,0.7,17,Tg,Veh,QDA,25,,True,c25,Tg-Veh
0,0.5,18,Tg,Veh,QDA,25,,True,c25,Tg-Veh
0,0.8188131313131313,19,Tg,Veh,QDA,25,,True,c25,Tg-Veh
0,0.6682447195921339,20,Tg,Veh,QDA,25,,True,c25,Tg-Veh
0,0.6120246659815005,21,Tg,Veh,QDA,25,,True,c25,Tg-Veh
0,0.6086285195277021,22,Tg,Veh,QDA,25,,True,c25,Tg-Veh
0,0.5,23,Tg,Veh,QDA,25,,True,c25,Tg-Veh
0,0.7030146659424226,24,Tg,GluA2,QDA,25,,True,c25,Tg-GluA2
0,0.6945871873929428,25,Tg,GluA2,QDA,25,,True,c25,Tg-GluA2
0,0.7370135915099609,26,Tg,GluA2,QDA,25,,True,c25,Tg-GluA2
0,0.700621761658031,27,Tg,GluA2,QDA,25,,True,c25,Tg-GluA2
0,0.7459964412811388,28,Tg,GluA2,QDA,25,,True,c25,Tg-GluA2
0,0.6968677738070213,29,Tg,GluA2,QDA,25,,True,c25,Tg-GluA2
0,0.6930946291560103,30,Tg,GluA2,QDA,25,,True,c25,Tg-GluA2
0,0.9228318093654753,0,WT,Veh,NN,25,,True,c25,WT-Veh
0,0.9225676052411487,1,WT,Veh,NN,25,,True,c25,WT-Veh
0,0.6578947368421053,2,WT,Veh,NN,25,,True,c25,WT-Veh
0,0.9541208377278891,3,WT,Veh,NN,25,,True,c25,WT-Veh
0,0.8676923076923078,4,WT,Veh,NN,25,,True,c25,WT-Veh
0,0.7537369207772795,5,WT,Veh,NN,25,,True,c25,WT-Veh
0,0.9619929105947223,6,WT,Veh,NN,25,,True,c25,WT-Veh
0,0.8270970897529959,7,WT,Veh,NN,25,,True,c25,WT-Veh
0,0.7952775073028238,8,WT,Veh,NN,25,,True,c25,WT-Veh
0,0.9210177577524516,9,WT,Veh,NN,25,,True,c25,WT-Veh
0,0.8166666666666667,10,WT,GluA2,NN,25,,True,c25,WT-GluA2
0,0.5,11,WT,GluA2,NN,25,,True,c25,WT-GluA2
0,0.9403879064460925,12,WT,GluA2,NN,25,,True,c25,WT-GluA2
0,0.964841722885314,13,WT,GluA2,NN,25,,True,c25,WT-GluA2
0,0.8135078534031414,14,WT,GluA2,NN,25,,True,c25,WT-GluA2
0,0.7867293625914316,15,WT,GluA2,NN,25,,True,c25,WT-GluA2
0,0.7380473074987418,16,WT,GluA2,NN,25,,True,c25,WT-GluA2
0,0.5,17,Tg,Veh,NN,25,,True,c25,Tg-Veh
0,0.542862203329791,18,Tg,Veh,NN,25,,True,c25,Tg-Veh
0,0.8585858585858586,19,Tg,Veh,NN,25,,True,c25,Tg-Veh
0,0.7858703568827385,20,Tg,Veh,NN,25,,True,c25,Tg-Veh
0,0.5842754367934224,21,Tg,Veh,NN,25,,True,c25,Tg-Veh
0,0.7012715712988193,22,Tg,Veh,NN,25,,True,c25,Tg-Veh
0,0.5,23,Tg,Veh,NN,25,,True,c25,Tg-Veh
0,0.6343020097772949,24,Tg,GluA2,NN,25,,True,c25,Tg-GluA2
0,0.7391229873244263,25,Tg,GluA2,NN,25,,True,c25,Tg-GluA2
0,0.8324334388382051,26,Tg,GluA2,NN,25,,True,c25,Tg-GluA2
0,0.7233160621761658,27,Tg,GluA2,NN,25,,True,c25,Tg-GluA2
0,0.8376334519572954,28,Tg,GluA2,NN,25,,True,c25,Tg-GluA2
0,0.8901618667227245,29,Tg,GluA2,NN,25,,True,c25,Tg-GluA2
0,0.8989769820971867,30,Tg,GluA2,NN,25,,True,c25,Tg-GluA2
0,0.92754225547243,0,WT,Veh,SVM,25,,True,c25,WT-Veh
0,0.9293281293560078,1,WT,Veh,SVM,25,,True,c25,WT-Veh
0,0.6491228070175439,2,WT,Veh,SVM,25,,True,c25,WT-Veh
0,0.9497513937019738,3,WT,Veh,SVM,25,,True,c25,WT-Veh
0,0.8735897435897435,4,WT,Veh,SVM,25,,True,c25,WT-Veh
0,0.7739162929745889,5,WT,Veh,SVM,25,,True,c25,WT-Veh
0,0.9527372981488775,6,WT,Veh,SVM,25,,True,c25,WT-Veh
0,0.8340670090486672,7,WT,Veh,SVM,25,,True,c25,WT-Veh
0,0.7978334956183057,8,WT,Veh,SVM,25,,True,c25,WT-Veh
0,0.92896899019348,9,WT,Veh,SVM,25,,True,c25,WT-Veh
0,0.8066526610644258,10,WT,GluA2,SVM,25,,True,c25,WT-GluA2
0,0.5042553191489362,11,WT,GluA2,SVM,25,,True,c25,WT-GluA2
0,0.9462825632249477,12,WT,GluA2,SVM,25,,True,c25,WT-GluA2
0,0.9561494551115723,13,WT,GluA2,SVM,25,,True,c25,WT-GluA2
0,0.8102617801047121,14,WT,GluA2,SVM,25,,True,c25,WT-GluA2
0,0.7916405433646813,15,WT,GluA2,SVM,25,,True,c25,WT-GluA2
0,0.7386763965777554,16,WT,GluA2,SVM,25,,True,c25,WT-GluA2
0,0.75,17,Tg,Veh,SVM,25,,True,c25,Tg-Veh
0,0.5154091392136025,18,Tg,Veh,SVM,25,,True,c25,Tg-Veh
0,0.8497474747474747,19,Tg,Veh,SVM,25,,True,c25,Tg-Veh
0,0.7931536780772033,20,Tg,Veh,SVM,25,,True,c25,Tg-Veh
0,0.5621788283658787,21,Tg,Veh,SVM,25,,True,c25,Tg-Veh
0,0.7069936421435059,22,Tg,Veh,SVM,25,,True,c25,Tg-Veh
0,0.5,23,Tg,Veh,SVM,25,,True,c25,Tg-Veh
0,0.5700706137968495,24,Tg,GluA2,SVM,25,,True,c25,Tg-GluA2
0,0.7329564919492977,25,Tg,GluA2,SVM,25,,True,c25,Tg-GluA2
0,0.8408117668962949,26,Tg,GluA2,SVM,25,,True,c25,Tg-GluA2
0,0.6916062176165803,27,Tg,GluA2,SVM,25,,True,c25,Tg-GluA2
0,0.8434163701067616,28,Tg,GluA2,SVM,25,,True,c25,Tg-GluA2
0,0.8899516501997058,29,Tg,GluA2,SVM,25,,True,c25,Tg-GluA2
0,0.8925831202046035,30,Tg,GluA2,SVM,25,,True,c25,Tg-GluA2
0,0.5044333610418399,0,WT,Veh,LDA,10,,True,c10,WT-Veh
0,0.5701839977697241,1,WT,Veh,LDA,10,,True,c10,WT-Veh
0,0.5,2,WT,Veh,LDA,10,,True,c10,WT-Veh
0,0.621666415549194,3,WT,Veh,LDA,10,,True,c10,WT-Veh
0,0.6477777777777778,4,WT,Veh,LDA,10,,True,c10,WT-Veh
0,0.5893124065769806,5,WT,Veh,LDA,10,,True,c10,WT-Veh
0,0.4986215045293423,6,WT,Veh,LDA,10,,True,c10,WT-Veh
0,0.6246025923208609,7,WT,Veh,LDA,10,,True,c10,WT-Veh
0,0.5495374878286271,8,WT,Veh,LDA,10,,True,c10,WT-Veh
0,0.5727537768354095,9,WT,Veh,LDA,10,,True,c10,WT-Veh
0,0.6151960784313726,10,WT,GluA2,LDA,10,,True,c10,WT-GluA2
0,0.5,11,WT,GluA2,LDA,10,,True,c10,WT-GluA2
0,0.519205172085948,12,WT,GluA2,LDA,10,,True,c10,WT-GluA2
0,0.5049299429164504,13,WT,GluA2,LDA,10,,True,c10,WT-GluA2
0,0.681780104712042,14,WT,GluA2,LDA,10,,True,c10,WT-GluA2
0,0.6560083594566353,15,WT,GluA2,LDA,10,,True,c10,WT-GluA2
0,0.5500754906894816,16,WT,GluA2,LDA,10,,True,c10,WT-GluA2
0,0.5,17,Tg,Veh,LDA,10,,True,c10,Tg-Veh
0,0.4998228834573149,18,Tg,Veh,LDA,10,,True,c10,Tg-Veh
0,0.5,19,Tg,Veh,LDA,10,,True,c10,Tg-Veh
0,0.5,20,Tg,Veh,LDA,10,,True,c10,Tg-Veh
0,0.5,21,Tg,Veh,LDA,10,,True,c10,Tg-Veh
0,0.5881017257039055,22,Tg,Veh,LDA,10,,True,c10,Tg-Veh
0,0.5,23,Tg,Veh,LDA,10,,True,c10,Tg-Veh
0,0.49904942965779464,24,Tg,GluA2,LDA,10,,True,c10,Tg-GluA2
0,0.499828708461802,25,Tg,GluA2,LDA,10,,True,c10,Tg-GluA2
0,0.48082293800037235,26,Tg,GluA2,LDA,10,,True,c10,Tg-GluA2
0,0.687979274611399,27,Tg,GluA2,LDA,10,,True,c10,Tg-GluA2
0,0.5313612099644128,28,Tg,GluA2,LDA,10,,True,c10,Tg-GluA2
0,0.5969098171116249,29,Tg,GluA2,LDA,10,,True,c10,Tg-GluA2
0,0.49850809889173064,30,Tg,GluA2,LDA,10,,True,c10,Tg-GluA2
0,0.7046273205874203,0,WT,Veh,NB,10,,True,c10,WT-Veh
0,0.633189294675216,1,WT,Veh,NB,10,,True,c10,WT-Veh
0,0.5999237223493517,2,WT,Veh,NB,10,,True,c10,WT-Veh
0,0.6961729697152328,3,WT,Veh,NB,10,,True,c10,WT-Veh
0,0.6442735042735043,4,WT,Veh,NB,10,,True,c10,WT-Veh
0,0.5999626307922272,5,WT,Veh,NB,10,,True,c10,WT-Veh
0,0.6805829066561638,6,WT,Veh,NB,10,,True,c10,WT-Veh
0,0.6071166544387381,7,WT,Veh,NB,10,,True,c10,WT-Veh
0,0.578018500486855,8,WT,Veh,NB,10,,True,c10,WT-Veh
0,0.6677710045056984,9,WT,Veh,NB,10,,True,c10,WT-Veh
0,0.6644957983193277,10,WT,GluA2,NB,10,,True,c10,WT-GluA2
0,0.6308510638297873,11,WT,GluA2,NB,10,,True,c10,WT-GluA2
0,0.6198897128731697,12,WT,GluA2,NB,10,,True,c10,WT-GluA2
0,0.7275557861961599,13,WT,GluA2,NB,10,,True,c10,WT-GluA2
0,0.6476439790575916,14,WT,GluA2,NB,10,,True,c10,WT-GluA2
0,0.6780564263322884,15,WT,GluA2,NB,10,,True,c10,WT-GluA2
0,0.6075742325113236,16,WT,GluA2,NB,10,,True,c10,WT-GluA2
0,0.5,17,Tg,Veh,NB,10,,True,c10,Tg-Veh
0,0.585724406659582,18,Tg,Veh,NB,10,,True,c10,Tg-Veh
0,0.7058080808080809,19,Tg,Veh,NB,10,,True,c10,Tg-Veh
0,0.5105608157319738,20,Tg,Veh,NB,10,,True,c10,Tg-Veh
0,0.513874614594039,21,Tg,Veh,NB,10,,True,c10,Tg-Veh
0,0.5596730245231608,22,Tg,Veh,NB,10,,True,c10,Tg-Veh
0,0.5556430446194226,23,Tg,Veh,NB,10,,True,c10,Tg-Veh
0,0.6811515480717002,24,Tg,GluA2,NB,10,,True,c10,Tg-GluA2
0,0.5868448098663925,25,Tg,GluA2,NB,10,,True,c10,Tg-GluA2
0,0.6830199218022714,26,Tg,GluA2,NB,10,,True,c10,Tg-GluA2
0,0.6876683937823834,27,Tg,GluA2,NB,10,,True,c10,Tg-GluA2
0,0.7130782918149466,28,Tg,GluA2,NB,10,,True,c10,Tg-GluA2
0,0.638112255623292,29,Tg,GluA2,NB,10,,True,c10,Tg-GluA2
0,0.5402813299232736,30,Tg,GluA2,NB,10,,True,c10,Tg-GluA2
0,0.6985314491548906,0,WT,Veh,QDA,10,,True,c10,WT-Veh
0,0.6393922497909117,1,WT,Veh,QDA,10,,True,c10,WT-Veh
0,0.5587337909992373,2,WT,Veh,QDA,10,,True,c10,WT-Veh
0,0.7112400180804581,3,WT,Veh,QDA,10,,True,c10,WT-Veh
0,0.6760683760683761,4,WT,Veh,QDA,10,,True,c10,WT-Veh
0,0.6080904334828101,5,WT,Veh,QDA,10,,True,c10,WT-Veh
0,0.7380858605750296,6,WT,Veh,QDA,10,,True,c10,WT-Veh
0,0.6276595744680851,7,WT,Veh,QDA,10,,True,c10,WT-Veh
0,0.5946932814021422,8,WT,Veh,QDA,10,,True,c10,WT-Veh
0,0.6835409488470713,9,WT,Veh,QDA,10,,True,c10,WT-Veh
0,0.6775210084033614,10,WT,GluA2,QDA,10,,True,c10,WT-GluA2
0,0.6446808510638298,11,WT,GluA2,QDA,10,,True,c10,WT-GluA2
0,0.6339608290549534,12,WT,GluA2,QDA,10,,True,c10,WT-GluA2
0,0.7559678256357032,13,WT,GluA2,QDA,10,,True,c10,WT-GluA2
0,0.6707853403141362,14,WT,GluA2,QDA,10,,True,c10,WT-GluA2
0,0.7056426332288401,15,WT,GluA2,QDA,10,,True,c10,WT-GluA2
0,0.6201560140915954,16,WT,GluA2,QDA,10,,True,c10,WT-GluA2
0,0.5,17,Tg,Veh,QDA,10,,True,c10,Tg-Veh
0,0.5,18,Tg,Veh,QDA,10,,True,c10,Tg-Veh
0,0.7196969696969697,19,Tg,Veh,QDA,10,,True,c10,Tg-Veh
0,0.5291332847778587,20,Tg,Veh,QDA,10,,True,c10,Tg-Veh
0,0.5241521068859198,21,Tg,Veh,QDA,10,,True,c10,Tg-Veh
0,0.5673932788374205,22,Tg,Veh,QDA,10,,True,c10,Tg-Veh
0,0.5,23,Tg,Veh,QDA,10,,True,c10,Tg-Veh
0,0.6955458989679522,24,Tg,GluA2,QDA,10,,True,c10,Tg-GluA2
0,0.5900993490921549,25,Tg,GluA2,QDA,10,,True,c10,Tg-GluA2
0,0.697728542170918,26,Tg,GluA2,QDA,10,,True,c10,Tg-GluA2
0,0.6997927461139897,27,Tg,GluA2,QDA,10,,True,c10,Tg-GluA2
0,0.7221975088967971,28,Tg,GluA2,QDA,10,,True,c10,Tg-GluA2
0,0.6587134748791255,29,Tg,GluA2,QDA,10,,True,c10,Tg-GluA2
0,0.5598891730605285,30,Tg,GluA2,QDA,10,,True,c10,Tg-GluA2
0,0.7745912995289554,0,WT,Veh,NN,10,,True,c10,WT-Veh
0,0.7702118762196821,1,WT,Veh,NN,10,,True,c10,WT-Veh
0,0.5389016018306636,2,WT,Veh,NN,10,,True,c10,WT-Veh
0,0.9266988097031792,3,WT,Veh,NN,10,,True,c10,WT-Veh
0,0.8075213675213675,4,WT,Veh,NN,10,,True,c10,WT-Veh
0,0.6747944693572496,5,WT,Veh,NN,10,,True,c10,WT-Veh
0,0.8993698306419851,6,WT,Veh,NN,10,,True,c10,WT-Veh
0,0.7296404988994865,7,WT,Veh,NN,10,,True,c10,WT-Veh
0,0.6901168451801363,8,WT,Veh,NN,10,,True,c10,WT-Veh
0,0.8424330771269546,9,WT,Veh,NN,10,,True,c10,WT-Veh
0,0.7442577030812325,10,WT,GluA2,NN,10,,True,c10,WT-GluA2
0,0.5,11,WT,GluA2,NN,10,,True,c10,WT-GluA2
0,0.8626164670089371,12,WT,GluA2,NN,10,,True,c10,WT-GluA2
0,0.9343539180072652,13,WT,GluA2,NN,10,,True,c10,WT-GluA2
0,0.7358115183246072,14,WT,GluA2,NN,10,,True,c10,WT-GluA2
0,0.7556948798328109,15,WT,GluA2,NN,10,,True,c10,WT-GluA2
0,0.6596628082536488,16,WT,GluA2,NN,10,,True,c10,WT-GluA2
0,0.5,17,Tg,Veh,NN,10,,True,c10,Tg-Veh
0,0.5370173574211832,18,Tg,Veh,NN,10,,True,c10,Tg-Veh
0,0.6073232323232324,19,Tg,Veh,NN,10,,True,c10,Tg-Veh
0,0.5735615440640932,20,Tg,Veh,NN,10,,True,c10,Tg-Veh
0,0.5210688591983557,21,Tg,Veh,NN,10,,True,c10,Tg-Veh
0,0.6168029064486831,22,Tg,Veh,NN,10,,True,c10,Tg-Veh
0,0.5,23,Tg,Veh,NN,10,,True,c10,Tg-Veh
0,0.6280554046713742,24,Tg,GluA2,NN,10,,True,c10,Tg-GluA2
0,0.6467968482356972,25,Tg,GluA2,NN,10,,True,c10,Tg-GluA2
0,0.8043194935766151,26,Tg,GluA2,NN,10,,True,c10,Tg-GluA2
0,0.7169948186528498,27,Tg,GluA2,NN,10,,True,c10,Tg-GluA2
0,0.7544483985765125,28,Tg,GluA2,NN,10,,True,c10,Tg-GluA2
0,0.8000840866092075,29,Tg,GluA2,NN,10,,True,c10,Tg-GluA2
0,0.7485080988917306,30,Tg,GluA2,NN,10,,True,c10,Tg-GluA2
0,0.7827653089498476,0,WT,Veh,SVM,10,,True,c10,WT-Veh
0,0.7810147755784778,1,WT,Veh,SVM,10,,True,c10,WT-Veh
0,0.5099160945842868,2,WT,Veh,SVM,10,,True,c10,WT-Veh
0,0.8954346843453367,3,WT,Veh,SVM,10,,True,c10,WT-Veh
0,0.8068376068376069,4,WT,Veh,SVM,10,,True,c10,WT-Veh
0,0.6818011958146487,5,WT,Veh,SVM,10,,True,c10,WT-Veh
0,0.8692398582118944,6,WT,Veh,SVM,10,,True,c10,WT-Veh
0,0.7452922474932746,7,WT,Veh,SVM,10,,True,c10,WT-Veh
0,0.6993670886075949,8,WT,Veh,SVM,10,,True,c10,WT-Veh
0,0.8362046117148159,9,WT,Veh,SVM,10,,True,c10,WT-Veh
0,0.7423669467787115,10,WT,GluA2,SVM,10,,True,c10,WT-GluA2
0,0.5010638297872341,11,WT,GluA2,SVM,10,,True,c10,WT-GluA2
0,0.8449324966723712,12,WT,GluA2,SVM,10,,True,c10,WT-GluA2
0,0.9008822003113648,13,WT,GluA2,SVM,10,,True,c10,WT-GluA2
0,0.7339267015706806,14,WT,GluA2,SVM,10,,True,c10,WT-GluA2
0,0.7682340647857889,15,WT,GluA2,SVM,10,,True,c10,WT-GluA2
0,0.6400352289884248,16,WT,GluA2,SVM,10,,True,c10,WT-GluA2
0,0.5,17,Tg,Veh,SVM,10,,True,c10,Tg-Veh
0,0.5170031880977684,18,Tg,Veh,SVM,10,,True,c10,Tg-Veh
0,0.547979797979798,19,Tg,Veh,SVM,10,,True,c10,Tg-Veh
0,0.5582665695557174,20,Tg,Veh,SVM,10,,True,c10,Tg-Veh
0,0.5030832476875642,21,Tg,Veh,SVM,10,,True,c10,Tg-Veh
0,0.6333333333333333,22,Tg,Veh,SVM,10,,True,c10,Tg-Veh
0,0.5,23,Tg,Veh,SVM,10,,True,c10,Tg-Veh
0,0.5555404671374253,24,Tg,GluA2,SVM,10,,True,c10,Tg-GluA2
0,0.6212744090441933,25,Tg,GluA2,SVM,10,,True,c10,Tg-GluA2
0,0.8036678458387637,26,Tg,GluA2,SVM,10,,True,c10,Tg-GluA2
0,0.6875647668393783,27,Tg,GluA2,SVM,10,,True,c10,Tg-GluA2
0,0.7310943060498221,28,Tg,GluA2,SVM,10,,True,c10,Tg-GluA2
0,0.803762875762035,29,Tg,GluA2,SVM,10,,True,c10,Tg-GluA2
0,0.6920289855072463,30,Tg,GluA2,SVM,10,,True,c10,Tg-GluA2
0,0.6673593793294541,0,WT,Veh,LDA,100,,True,c100,WT-Veh
0,0.69877334820184,1,WT,Veh,LDA,100,,True,c100,WT-Veh
0,0.5507246376811594,2,WT,Veh,LDA,100,,True,c100,WT-Veh
0,0.7359499773994275,3,WT,Veh,LDA,100,,True,c100,WT-Veh
0,0.7662393162393162,4,WT,Veh,LDA,100,,True,c100,WT-Veh
0,0.671711509715994,5,WT,Veh,LDA,100,,True,c100,WT-Veh
0,0.5886175659708547,6,WT,Veh,LDA,100,,True,c100,WT-Veh
0,0.7225483003179262,7,WT,Veh,LDA,100,,True,c100,WT-Veh
0,0.6568889970788705,8,WT,Veh,LDA,100,,True,c100,WT-Veh
0,0.6600848131460376,9,WT,Veh,LDA,100,,True,c100,WT-Veh
0,0.6337535014005602,10,WT,GluA2,LDA,100,,True,c100,WT-GluA2
0,0.498936170212766,11,WT,GluA2,LDA,100,,True,c100,WT-GluA2
0,0.6362426316790264,12,WT,GluA2,LDA,100,,True,c100,WT-GluA2
0,0.5748572911261027,13,WT,GluA2,LDA,100,,True,c100,WT-GluA2
0,0.7756020942408377,14,WT,GluA2,LDA,100,,True,c100,WT-GluA2
0,0.6763845350052247,15,WT,GluA2,LDA,100,,True,c100,WT-GluA2
0,0.692501258178158,16,WT,GluA2,LDA,100,,True,c100,WT-GluA2
0,0.7,17,Tg,Veh,LDA,100,,True,c100,Tg-Veh
0,0.5,18,Tg,Veh,LDA,100,,True,c100,Tg-Veh
0,0.5473484848484849,19,Tg,Veh,LDA,100,,True,c100,Tg-Veh
0,0.6110706482155863,20,Tg,Veh,LDA,100,,True,c100,Tg-Veh
0,0.5061664953751285,21,Tg,Veh,LDA,100,,True,c100,Tg-Veh
0,0.7213442325158946,22,Tg,Veh,LDA,100,,True,c100,Tg-Veh
0,0.5,23,Tg,Veh,LDA,100,,True,c100,Tg-Veh
0,0.49837045084193377,24,Tg,GluA2,LDA,100,,True,c100,Tg-GluA2
0,0.552757793764988,25,Tg,GluA2,LDA,100,,True,c100,Tg-GluA2
0,0.5722398063675294,26,Tg,GluA2,LDA,100,,True,c100,Tg-GluA2
0,0.6847668393782383,27,Tg,GluA2,LDA,100,,True,c100,Tg-GluA2
0,0.6321174377224199,28,Tg,GluA2,LDA,100,,True,c100,Tg-GluA2
0,0.7046457851587135,29,Tg,GluA2,LDA,100,,True,c100,Tg-GluA2
0,0.5647911338448423,30,Tg,GluA2,LDA,100,,True,c100,Tg-GluA2
0,0.7769465225824328,0,WT,Veh,NB,100,,True,c100,WT-Veh
0,0.7635907443546139,1,WT,Veh,NB,100,,True,c100,WT-Veh
0,0.7715484363081617,2,WT,Veh,NB,100,,True,c100,WT-Veh
0,0.7695494952538797,3,WT,Veh,NB,100,,True,c100,WT-Veh
0,0.7694017094017094,4,WT,Veh,NB,100,,True,c100,WT-Veh
0,0.6513452914798206,5,WT,Veh,NB,100,,True,c100,WT-Veh
0,0.8156754627806223,6,WT,Veh,NB,100,,True,c100,WT-Veh
0,0.6916116409880166,7,WT,Veh,NB,100,,True,c100,WT-Veh
0,0.6486124634858812,8,WT,Veh,NB,100,,True,c100,WT-Veh
0,0.8420355155049033,9,WT,Veh,NB,100,,True,c100,WT-Veh
0,0.6911064425770308,10,WT,GluA2,NB,100,,True,c100,WT-GluA2
0,0.6095744680851064,11,WT,GluA2,NB,100,,True,c100,WT-GluA2
0,0.7705837611713253,12,WT,GluA2,NB,100,,True,c100,WT-GluA2
0,0.8196678775298392,13,WT,GluA2,NB,100,,True,c100,WT-GluA2
0,0.7415706806282722,14,WT,GluA2,NB,100,,True,c100,WT-GluA2
0,0.6891327063740857,15,WT,GluA2,NB,100,,True,c100,WT-GluA2
0,0.722320080523402,16,WT,GluA2,NB,100,,True,c100,WT-GluA2
0,0.85,17,Tg,Veh,NB,100,,True,c100,Tg-Veh
0,0.6510804109103789,18,Tg,Veh,NB,100,,True,c100,Tg-Veh
0,0.860479797979798,19,Tg,Veh,NB,100,,True,c100,Tg-Veh
0,0.7807720320466132,20,Tg,Veh,NB,100,,True,c100,Tg-Veh
0,0.7019527235354573,21,Tg,Veh,NB,100,,True,c100,Tg-Veh
0,0.6912806539509537,22,Tg,Veh,NB,100,,True,c100,Tg-Veh
0,0.6910761154855642,23,Tg,Veh,NB,100,,True,c100,Tg-Veh
0,0.7058663769690385,24,Tg,GluA2,NB,100,,True,c100,Tg-GluA2
0,0.6927029804727647,25,Tg,GluA2,NB,100,,True,c100,Tg-GluA2
0,0.7540495252280767,26,Tg,GluA2,NB,100,,True,c100,Tg-GluA2
0,0.6883937823834196,27,Tg,GluA2,NB,100,,True,c100,Tg-GluA2
0,0.7451067615658362,28,Tg,GluA2,NB,100,,True,c100,Tg-GluA2
0,0.7038049190666387,29,Tg,GluA2,NB,100,,True,c100,Tg-GluA2
0,0.688618925831202,30,Tg,GluA2,NB,100,,True,c100,Tg-GluA2
0,0.885009697977279,0,WT,Veh,QDA,100,,True,c100,WT-Veh
0,0.8452049066071927,1,WT,Veh,QDA,100,,True,c100,WT-Veh
0,0.8672768878718535,2,WT,Veh,QDA,100,,True,c100,WT-Veh
0,0.810230525839988,3,WT,Veh,QDA,100,,True,c100,WT-Veh
0,0.7848717948717949,4,WT,Veh,QDA,100,,True,c100,WT-Veh
0,0.6776905829596412,5,WT,Veh,QDA,100,,True,c100,WT-Veh
0,0.9088223710122095,6,WT,Veh,QDA,100,,True,c100,WT-Veh
0,0.7355099046221569,7,WT,Veh,QDA,100,,True,c100,WT-Veh
0,0.6958373904576436,8,WT,Veh,QDA,100,,True,c100,WT-Veh
0,0.870262390670554,9,WT,Veh,QDA,100,,True,c100,WT-Veh
0,0.7070728291316526,10,WT,GluA2,QDA,100,,True,c100,WT-GluA2
0,0.6691489361702128,11,WT,GluA2,QDA,100,,True,c100,WT-GluA2
0,0.858528237307473,12,WT,GluA2,QDA,100,,True,c100,WT-GluA2
0,0.891281785158277,13,WT,GluA2,QDA,100,,True,c100,WT-GluA2
0,0.7579057591623036,14,WT,GluA2,QDA,100,,True,c100,WT-GluA2
0,0.7193312434691745,15,WT,GluA2,QDA,100,,True,c100,WT-GluA2
0,0.767362858580775,16,WT,GluA2,QDA,100,,True,c100,WT-GluA2
0,0.75,17,Tg,Veh,QDA,100,,True,c100,Tg-Veh
0,0.6257527453064117,18,Tg,Veh,QDA,100,,True,c100,Tg-Veh
0,0.9375,19,Tg,Veh,QDA,100,,True,c100,Tg-Veh
0,0.9024034959941734,20,Tg,Veh,QDA,100,,True,c100,Tg-Veh
0,0.7708119218910585,21,Tg,Veh,QDA,100,,True,c100,Tg-Veh
0,0.7138056312443233,22,Tg,Veh,QDA,100,,True,c100,Tg-Veh
0,0.6656167979002625,23,Tg,Veh,QDA,100,,True,c100,Tg-Veh
0,0.7244703965236284,24,Tg,GluA2,QDA,100,,True,c100,Tg-GluA2
0,0.7089756766015759,25,Tg,GluA2,QDA,100,,True,c100,Tg-GluA2
0,0.7750884379072798,26,Tg,GluA2,QDA,100,,True,c100,Tg-GluA2
0,0.702901554404145,27,Tg,GluA2,QDA,100,,True,c100,Tg-GluA2
0,0.7584519572953736,28,Tg,GluA2,QDA,100,,True,c100,Tg-GluA2
0,0.751944502837923,29,Tg,GluA2,QDA,100,,True,c100,Tg-GluA2
0,0.8218243819266837,30,Tg,GluA2,QDA,100,,True,c100,Tg-GluA2
0,0.9591299528955389,0,WT,Veh,NN,100,,True,c100,WT-Veh
0,0.9656398104265402,1,WT,Veh,NN,100,,True,c100,WT-Veh
0,0.7967200610221206,2,WT,Veh,NN,100,,True,c100,WT-Veh
0,0.9699412385113757,3,WT,Veh,NN,100,,True,c100,WT-Veh
0,0.934017094017094,4,WT,Veh,NN,100,,True,c100,WT-Veh
0,0.8120328849028401,5,WT,Veh,NN,100,,True,c100,WT-Veh
0,0.9765655769988184,6,WT,Veh,NN,100,,True,c100,WT-Veh
0,0.8901932012717046,7,WT,Veh,NN,100,,True,c100,WT-Veh
0,0.8519961051606622,8,WT,Veh,NN,100,,True,c100,WT-Veh
0,0.9636893718526371,9,WT,Veh,NN,100,,True,c100,WT-Veh
0,0.807703081232493,10,WT,GluA2,NN,100,,True,c100,WT-GluA2
0,0.5031914893617021,11,WT,GluA2,NN,100,,True,c100,WT-GluA2
0,0.9645369842175319,12,WT,GluA2,NN,100,,True,c100,WT-GluA2
0,0.9804099636741048,13,WT,GluA2,NN,100,,True,c100,WT-GluA2
0,0.8612565445026178,14,WT,GluA2,NN,100,,True,c100,WT-GluA2
0,0.8021943573667711,15,WT,GluA2,NN,100,,True,c100,WT-GluA2
0,0.8634876698540513,16,WT,GluA2,NN,100,,True,c100,WT-GluA2
0,0.5,17,Tg,Veh,NN,100,,True,c100,Tg-Veh
0,0.6130003542330854,18,Tg,Veh,NN,100,,True,c100,Tg-Veh
0,0.9640151515151515,19,Tg,Veh,NN,100,,True,c100,Tg-Veh
0,0.8936635105608157,20,Tg,Veh,NN,100,,True,c100,Tg-Veh
0,0.6551901336073997,21,Tg,Veh,NN,100,,True,c100,Tg-Veh
0,0.7987284287011808,22,Tg,Veh,NN,100,,True,c100,Tg-Veh
0,0.5,23,Tg,Veh,NN,100,,True,c100,Tg-Veh
0,0.6884845192829984,24,Tg,GluA2,NN,100,,True,c100,Tg-GluA2
0,0.7800616649537513,25,Tg,GluA2,NN,100,,True,c100,Tg-GluA2
0,0.8959225470117297,26,Tg,GluA2,NN,100,,True,c100,Tg-GluA2
0,0.7223834196891191,27,Tg,GluA2,NN,100,,True,c100,Tg-GluA2
0,0.9096975088967971,28,Tg,GluA2,NN,100,,True,c100,Tg-GluA2
0,0.9233760773596804,29,Tg,GluA2,NN,100,,True,c100,Tg-GluA2
0,0.9465046888320545,30,Tg,GluA2,NN,100,,True,c100,Tg-GluA2
0,0.9746467165419783,0,WT,Veh,SVM,100,,True,c100,WT-Veh
0,0.9793699470309452,1,WT,Veh,SVM,100,,True,c100,WT-Veh
0,0.8672768878718535,2,WT,Veh,SVM,100,,True,c100,WT-Veh
0,0.9734066596353774,3,WT,Veh,SVM,100,,True,c100,WT-Veh
0,0.9385470085470086,4,WT,Veh,SVM,100,,True,c100,WT-Veh
0,0.8245515695067265,5,WT,Veh,SVM,100,,True,c100,WT-Veh
0,0.9856242615202836,6,WT,Veh,SVM,100,,True,c100,WT-Veh
0,0.9343360234776229,7,WT,Veh,SVM,100,,True,c100,WT-Veh
0,0.8734177215189873,8,WT,Veh,SVM,100,,True,c100,WT-Veh
0,0.9838324940365757,9,WT,Veh,SVM,100,,True,c100,WT-Veh
0,0.8103641456582633,10,WT,GluA2,SVM,100,,True,c100,WT-GluA2
0,0.5053191489361702,11,WT,GluA2,SVM,100,,True,c100,WT-GluA2
0,0.9713823920897509,12,WT,GluA2,SVM,100,,True,c100,WT-GluA2
0,0.9837830825116762,13,WT,GluA2,SVM,100,,True,c100,WT-GluA2
0,0.8805235602094241,14,WT,GluA2,SVM,100,,True,c100,WT-GluA2
0,0.8053291536050157,15,WT,GluA2,SVM,100,,True,c100,WT-GluA2
0,0.8956970306995471,16,WT,GluA2,SVM,100,,True,c100,WT-GluA2
0,0.65,17,Tg,Veh,SVM,100,,True,c100,Tg-Veh
0,0.5828905419766206,18,Tg,Veh,SVM,100,,True,c100,Tg-Veh
0,0.9804292929292929,19,Tg,Veh,SVM,100,,True,c100,Tg-Veh
0,0.948652585579024,20,Tg,Veh,SVM,100,,True,c100,Tg-Veh
0,0.6870503597122302,21,Tg,Veh,SVM,100,,True,c100,Tg-Veh
0,0.8216167120799274,22,Tg,Veh,SVM,100,,True,c100,Tg-Veh
0,0.5,23,Tg,Veh,SVM,100,,True,c100,Tg-Veh
0,0.6554861488321564,24,Tg,GluA2,SVM,100,,True,c100,Tg-GluA2
0,0.7800616649537513,25,Tg,GluA2,SVM,100,,True,c100,Tg-GluA2
0,0.9091416868367157,26,Tg,GluA2,SVM,100,,True,c100,Tg-GluA2
0,0.685699481865285,27,Tg,GluA2,SVM,100,,True,c100,Tg-GluA2
0,0.9225978647686832,28,Tg,GluA2,SVM,100,,True,c100,Tg-GluA2
0,0.9436619718309859,29,Tg,GluA2,SVM,100,,True,c100,Tg-GluA2
0,0.9639812446717817,30,Tg,GluA2,SVM,100,,True,c100,Tg-GluA2
0,0.6863200562198042,0,WT,Veh,LDA,,,False,baseline,WT-Veh
0,0.7000301524941698,1,WT,Veh,LDA,,,False,baseline,WT-Veh
0,0.555937888363986,2,WT,Veh,LDA,,,False,baseline,WT-Veh
0,0.7450997074332937,3,WT,Veh,LDA,,,False,baseline,WT-Veh
0,0.7646005133742293,4,WT,Veh,LDA,,,False,baseline,WT-Veh
0,0.6827654438971795,5,WT,Veh,LDA,,,False,baseline,WT-Veh
0,0.7105378859301226,6,WT,Veh,LDA,,,False,baseline,WT-Veh
0,0.7268924805858956,7,WT,Veh,LDA,,,False,baseline,WT-Veh
0,0.6584370168602776,8,WT,Veh,LDA,,,False,baseline,WT-Veh
0,0.6714182770395656,9,WT,Veh,LDA,,,False,baseline,WT-Veh
0,0.6342776602557882,10,WT,GluA2,LDA,,,False,baseline,WT-GluA2
0,0.503792092239016,11,WT,GluA2,LDA,,,False,baseline,WT-GluA2
0,0.6503236967441266,12,WT,GluA2,LDA,,,False,baseline,WT-GluA2
0,0.6191495943463619,13,WT,GluA2,LDA,,,False,baseline,WT-GluA2
0,0.8132097311458079,14,WT,GluA2,LDA,,,False,baseline,WT-GluA2
0,0.6736194081346977,15,WT,GluA2,LDA,,,False,baseline,WT-GluA2
0,0.6929044596847873,16,WT,GluA2,LDA,,,False,baseline,WT-GluA2
0,0.5,17,Tg,Veh,LDA,,,False,baseline,Tg-Veh
0,0.7123459407507915,18,Tg,Veh,LDA,,,False,baseline,Tg-Veh
0,0.6169205167315369,19,Tg,Veh,LDA,,,False,baseline,Tg-Veh
0,0.5057225442097566,20,Tg,Veh,LDA,,,False,baseline,Tg-Veh
0,0.7199160402964226,21,Tg,Veh,LDA,,,False,baseline,Tg-Veh
0,0.5,22,Tg,Veh,LDA,,,False,baseline,Tg-Veh
0,0.4990677800973693,23,Tg,GluA2,LDA,,,False,baseline,Tg-GluA2
0,0.5545119616577542,24,Tg,GluA2,LDA,,,False,baseline,Tg-GluA2
0,0.584330863378705,25,Tg,GluA2,LDA,,,False,baseline,Tg-GluA2
0,0.6841289815811881,26,Tg,GluA2,LDA,,,False,baseline,Tg-GluA2
0,0.690726647816761,27,Tg,GluA2,LDA,,,False,baseline,Tg-GluA2
0,0.7329845201823402,28,Tg,GluA2,LDA,,,False,baseline,Tg-GluA2
0,0.6553471630197973,29,Tg,GluA2,LDA,,,False,baseline,Tg-GluA2
0,0.7853844915847716,0,WT,Veh,NB,,,False,baseline,WT-Veh
0,0.7601480221999999,1,WT,Veh,NB,,,False,baseline,WT-Veh
0,0.7916148366102651,2,WT,Veh,NB,,,False,baseline,WT-Veh
0,0.7697674529565763,3,WT,Veh,NB,,,False,baseline,WT-Veh
0,0.7716418680810166,4,WT,Veh,NB,,,False,baseline,WT-Veh
0,0.6586068024210345,5,WT,Veh,NB,,,False,baseline,WT-Veh
0,0.8616200283525066,6,WT,Veh,NB,,,False,baseline,WT-Veh
0,0.6996914583878016,7,WT,Veh,NB,,,False,baseline,WT-Veh
0,0.6510761308527142,8,WT,Veh,NB,,,False,baseline,WT-Veh
0,0.855997426334165,9,WT,Veh,NB,,,False,baseline,WT-Veh
0,0.6901418997160065,10,WT,GluA2,NB,,,False,baseline,WT-GluA2
0,0.6945176981489118,11,WT,GluA2,NB,,,False,baseline,WT-GluA2
0,0.7793925148058829,12,WT,GluA2,NB,,,False,baseline,WT-GluA2
0,0.8359290692385024,13,WT,GluA2,NB,,,False,baseline,WT-GluA2
0,0.7730696486666122,14,WT,GluA2,NB,,,False,baseline,WT-GluA2
0,0.6907546512621333,15,WT,GluA2,NB,,,False,baseline,WT-GluA2
0,0.7209928881609785,16,WT,GluA2,NB,,,False,baseline,WT-GluA2
0,0.6465252033828985,17,Tg,Veh,NB,,,False,baseline,Tg-Veh
0,0.9080779813055933,18,Tg,Veh,NB,,,False,baseline,Tg-Veh
0,0.7733822597486888,19,Tg,Veh,NB,,,False,baseline,Tg-Veh
0,0.7089671595528397,20,Tg,Veh,NB,,,False,baseline,Tg-Veh
0,0.6896639267458771,21,Tg,Veh,NB,,,False,baseline,Tg-Veh
0,0.6952340858559625,22,Tg,Veh,NB,,,False,baseline,Tg-Veh
0,0.7072627048427438,23,Tg,GluA2,NB,,,False,baseline,Tg-GluA2
0,0.6910033528687829,24,Tg,GluA2,NB,,,False,baseline,Tg-GluA2
0,0.7636531472161747,25,Tg,GluA2,NB,,,False,baseline,Tg-GluA2
0,0.6891981386424838,26,Tg,GluA2,NB,,,False,baseline,Tg-GluA2
0,0.7660557558401001,27,Tg,GluA2,NB,,,False,baseline,Tg-GluA2
0,0.7114587864353034,28,Tg,GluA2,NB,,,False,baseline,Tg-GluA2
0,0.7453845789523539,29,Tg,GluA2,NB,,,False,baseline,Tg-GluA2
0,0.8963815178233003,0,WT,Veh,QDA,,,False,baseline,WT-Veh
0,0.8491514960641908,1,WT,Veh,QDA,,,False,baseline,WT-Veh
0,0.8836529881581694,2,WT,Veh,QDA,,,False,baseline,WT-Veh
0,0.8171851193361777,3,WT,Veh,QDA,,,False,baseline,WT-Veh
0,0.7848949520837536,4,WT,Veh,QDA,,,False,baseline,WT-Veh
0,0.6835969394006224,5,WT,Veh,QDA,,,False,baseline,WT-Veh
0,0.9364114375244672,6,WT,Veh,QDA,,,False,baseline,WT-Veh
0,0.7427374944443246,7,WT,Veh,QDA,,,False,baseline,WT-Veh
0,0.6996572025858283,8,WT,Veh,QDA,,,False,baseline,WT-Veh
0,0.8926831892867576,9,WT,Veh,QDA,,,False,baseline,WT-Veh
0,0.707569979492952,10,WT,GluA2,QDA,,,False,baseline,WT-GluA2
0,0.74678500812732,11,WT,GluA2,QDA,,,False,baseline,WT-GluA2
0,0.8709850828686423,12,WT,GluA2,QDA,,,False,baseline,WT-GluA2
0,0.9083428305211343,13,WT,GluA2,QDA,,,False,baseline,WT-GluA2
0,0.7923499574388694,14,WT,GluA2,QDA,,,False,baseline,WT-GluA2
0,0.7172029806382441,15,WT,GluA2,QDA,,,False,baseline,WT-GluA2
0,0.7626636278246193,16,WT,GluA2,QDA,,,False,baseline,WT-GluA2
0,0.7382858325857429,17,Tg,Veh,QDA,,,False,baseline,Tg-Veh
0,0.6239998755347943,18,Tg,Veh,QDA,,,False,baseline,Tg-Veh
0,0.9792910447761194,19,Tg,Veh,QDA,,,False,baseline,Tg-Veh
0,0.9043425220015606,20,Tg,Veh,QDA,,,False,baseline,Tg-Veh
0,0.7720921407792111,21,Tg,Veh,QDA,,,False,baseline,Tg-Veh
0,0.7131300664523432,22,Tg,Veh,QDA,,,False,baseline,Tg-Veh
0,0.6589164774265088,23,Tg,Veh,QDA,,,False,baseline,Tg-Veh
0,0.7263761059905324,24,Tg,GluA2,QDA,,,False,baseline,Tg-GluA2
0,0.7087886813257434,25,Tg,GluA2,QDA,,,False,baseline,Tg-GluA2
0,0.7977029283622612,26,Tg,GluA2,QDA,,,False,baseline,Tg-GluA2
0,0.7006510566310459,27,Tg,GluA2,QDA,,,False,baseline,Tg-GluA2
0,0.8472078528856636,28,Tg,GluA2,QDA,,,False,baseline,Tg-GluA2
0,0.7815738131623887,29,Tg,GluA2,QDA,,,False,baseline,Tg-GluA2
0,0.8991735341479588,30,Tg,GluA2,QDA,,,False,baseline,Tg-GluA2
0,0.9632974084266673,0,WT,Veh,NN,,,False,baseline,WT-Veh
0,0.9641897694652,1,WT,Veh,NN,,,False,baseline,WT-Veh
0,0.8048397272972787,2,WT,Veh,NN,,,False,baseline,WT-Veh
0,0.9703933361911479,3,WT,Veh,NN,,,False,baseline,WT-Veh
0,0.9308054003172004,4,WT,Veh,NN,,,False,baseline,WT-Veh
0,0.8349856036658581,5,WT,Veh,NN,,,False,baseline,WT-Veh
0,0.9851369128553041,6,WT,Veh,NN,,,False,baseline,WT-Veh
0,0.8928881285384547,7,WT,Veh,NN,,,False,baseline,WT-Veh
0,0.8563230907054635,8,WT,Veh,NN,,,False,baseline,WT-Veh
0,0.9776856087425081,9,WT,Veh,NN,,,False,baseline,WT-Veh
0,0.8125781952503865,10,WT,GluA2,NN,,,False,baseline,WT-GluA2
0,0.5870241878745239,11,WT,GluA2,NN,,,False,baseline,WT-GluA2
0,0.9682458908797013,12,WT,GluA2,NN,,,False,baseline,WT-GluA2
0,0.9789289316321901,13,WT,GluA2,NN,,,False,baseline,WT-GluA2
0,0.901245972240037,14,WT,GluA2,NN,,,False,baseline,WT-GluA2
0,0.7963915575496578,15,WT,GluA2,NN,,,False,baseline,WT-GluA2
0,0.867653379996274,16,WT,GluA2,NN,,,False,baseline,WT-GluA2
0,0.6421632636747933,17,Tg,Veh,NN,,,False,baseline,Tg-Veh
0,0.9847584991708126,18,Tg,Veh,NN,,,False,baseline,Tg-Veh
0,0.891222798327968,19,Tg,Veh,NN,,,False,baseline,Tg-Veh
0,0.626894482511343,20,Tg,Veh,NN,,,False,baseline,Tg-Veh
0,0.8055010167881594,21,Tg,Veh,NN,,,False,baseline,Tg-Veh
0,0.5018859008425328,22,Tg,Veh,NN,,,False,baseline,Tg-Veh
0,0.7046469136945439,23,Tg,GluA2,NN,,,False,baseline,Tg-GluA2
0,0.7715339314283008,24,Tg,GluA2,NN,,,False,baseline,Tg-GluA2
0,0.9286205843218088,25,Tg,GluA2,NN,,,False,baseline,Tg-GluA2
0,0.7207995757057755,26,Tg,GluA2,NN,,,False,baseline,Tg-GluA2
0,0.9525806173756586,27,Tg,GluA2,NN,,,False,baseline,Tg-GluA2
0,0.9402735823220212,28,Tg,GluA2,NN,,,False,baseline,Tg-GluA2
0,0.9673581509898646,29,Tg,GluA2,NN,,,False,baseline,Tg-GluA2
0,0.9751026363220747,0,WT,Veh,SVM,,,False,baseline,WT-Veh
0,0.9806150956573367,1,WT,Veh,SVM,,,False,baseline,WT-Veh
0,0.8907302124844365,2,WT,Veh,SVM,,,False,baseline,WT-Veh
0,0.9733245218981047,3,WT,Veh,SVM,,,False,baseline,WT-Veh
0,0.9393947286196245,4,WT,Veh,SVM,,,False,baseline,WT-Veh
0,0.8360838295474038,5,WT,Veh,SVM,,,False,baseline,WT-Veh
0,0.987999697719053,6,WT,Veh,SVM,,,False,baseline,WT-Veh
0,0.9433777635629894,7,WT,Veh,SVM,,,False,baseline,WT-Veh
0,0.8779378314414115,8,WT,Veh,SVM,,,False,baseline,WT-Veh
0,0.9899943305418576,9,WT,Veh,SVM,,,False,baseline,WT-Veh
0,0.8087636902335992,10,WT,GluA2,SVM,,,False,baseline,WT-GluA2
0,0.6149189390814915,11,WT,GluA2,SVM,,,False,baseline,WT-GluA2
0,0.9755163845967911,12,WT,GluA2,SVM,,,False,baseline,WT-GluA2
0,0.9864729195119779,13,WT,GluA2,SVM,,,False,baseline,WT-GluA2
0,0.9274000396459847,14,WT,GluA2,SVM,,,False,baseline,WT-GluA2
0,0.8120309423822762,15,WT,GluA2,SVM,,,False,baseline,WT-GluA2
0,0.8944956225611986,16,WT,GluA2,SVM,,,False,baseline,WT-GluA2
0,0.5839976800561663,17,Tg,Veh,SVM,,,False,baseline,Tg-Veh
0,0.9879367367706919,18,Tg,Veh,SVM,,,False,baseline,Tg-Veh
0,0.9476775334529672,19,Tg,Veh,SVM,,,False,baseline,Tg-Veh
0,0.6891802302568917,20,Tg,Veh,SVM,,,False,baseline,Tg-Veh
0,0.8143204156996025,21,Tg,Veh,SVM,,,False,baseline,Tg-Veh
0,0.5002227752014446,22,Tg,Veh,SVM,,,False,baseline,Tg-Veh
0,0.6472066112391346,23,Tg,GluA2,SVM,,,False,baseline,Tg-GluA2
0,0.786920634759571,24,Tg,GluA2,SVM,,,False,baseline,Tg-GluA2
0,0.9538591146833996,25,Tg,GluA2,SVM,,,False,baseline,Tg-GluA2
0,0.6827962534626819,26,Tg,GluA2,SVM,,,False,baseline,Tg-GluA2
0,0.9664775489038658,27,Tg,GluA2,SVM,,,False,baseline,Tg-GluA2
0,0.9637818592712883,28,Tg,GluA2,SVM,,,False,baseline,Tg-GluA2
0,0.972669792554703,29,Tg,GluA2,SVM,,,False,baseline,Tg-GluA2
0,0.563629063453243,0,WT,Veh,LDA,25,600,False,c25_t600,WT-Veh
0,0.6370533905618602,1,WT,Veh,LDA,25,600,False,c25_t600,WT-Veh
0,0.5188109997114287,2,WT,Veh,LDA,25,600,False,c25_t600,WT-Veh
0,0.671377768421632,3,WT,Veh,LDA,25,600,False,c25_t600,WT-Veh
0,0.6977991551869387,4,WT,Veh,LDA,25,600,False,c25_t600,WT-Veh
0,0.6262905854100811,5,WT,Veh,LDA,25,600,False,c25_t600,WT-Veh
0,0.5270368394322498,6,WT,Veh,LDA,25,600,False,c25_t600,WT-Veh
0,0.6684364177070962,7,WT,Veh,LDA,25,600,False,c25_t600,WT-Veh
0,0.6029951309247823,8,WT,Veh,LDA,25,600,False,c25_t600,WT-Veh
0,0.6093417225173848,9,WT,Veh,LDA,25,600,False,c25_t600,WT-Veh
0,0.6337447681150983,10,WT,GluA2,LDA,25,600,False,c25_t600,WT-GluA2
0,0.4991804446978335,11,WT,GluA2,LDA,25,600,False,c25_t600,WT-GluA2
0,0.5650067443552022,12,WT,GluA2,LDA,25,600,False,c25_t600,WT-GluA2
0,0.523041457769247,13,WT,GluA2,LDA,25,600,False,c25_t600,WT-GluA2
0,0.7530715143600089,14,WT,GluA2,LDA,25,600,False,c25_t600,WT-GluA2
0,0.6697720771240615,15,WT,GluA2,LDA,25,600,False,c25_t600,WT-GluA2
0,0.6053225622130552,16,WT,GluA2,LDA,25,600,False,c25_t600,WT-GluA2
0,0.4997853340202645,17,Tg,Veh,LDA,25,600,False,c25_t600,Tg-Veh
0,0.5006313131313131,18,Tg,Veh,LDA,25,600,False,c25_t600,Tg-Veh
0,0.5019602940160598,19,Tg,Veh,LDA,25,600,False,c25_t600,Tg-Veh
0,0.5012826523306486,20,Tg,Veh,LDA,25,600,False,c25_t600,Tg-Veh
0,0.628315867567218,21,Tg,Veh,LDA,25,600,False,c25_t600,Tg-Veh
0,0.5,22,Tg,Veh,LDA,25,600,False,c25_t600,Tg-Veh
0,0.4992000990672705,23,Tg,GluA2,LDA,25,600,False,c25_t600,Tg-GluA2
0,0.5227784526358361,24,Tg,GluA2,LDA,25,600,False,c25_t600,Tg-GluA2
0,0.5212443230374437,25,Tg,GluA2,LDA,25,600,False,c25_t600,Tg-GluA2
0,0.6855276072928387,26,Tg,GluA2,LDA,25,600,False,c25_t600,Tg-GluA2
0,0.5531638491703348,27,Tg,GluA2,LDA,25,600,False,c25_t600,Tg-GluA2
0,0.641860163869436,28,Tg,GluA2,LDA,25,600,False,c25_t600,Tg-GluA2
0,0.5185350951974993,29,Tg,GluA2,LDA,25,600,False,c25_t600,Tg-GluA2
0,0.7377395582007984,0,WT,Veh,NB,25,600,False,c25_t600,WT-Veh
0,0.7092553123670897,1,WT,Veh,NB,25,600,False,c25_t600,WT-Veh
0,0.6788004804508883,2,WT,Veh,NB,25,600,False,c25_t600,WT-Veh
0,0.7330228444468001,3,WT,Veh,NB,25,600,False,c25_t600,WT-Veh
0,0.7033245134216907,4,WT,Veh,NB,25,600,False,c25_t600,WT-Veh
0,0.6202005072410498,5,WT,Veh,NB,25,600,False,c25_t600,WT-Veh
0,0.7412076520640485,6,WT,Veh,NB,25,600,False,c25_t600,WT-Veh
0,0.6548447798553931,7,WT,Veh,NB,25,600,False,c25_t600,WT-Veh
0,0.607221444551933,8,WT,Veh,NB,25,600,False,c25_t600,WT-Veh
0,0.7489439935515014,9,WT,Veh,NB,25,600,False,c25_t600,WT-Veh
0,0.688987165304921,10,WT,GluA2,NB,25,600,False,c25_t600,WT-GluA2
0,0.619387145491157,11,WT,GluA2,NB,25,600,False,c25_t600,WT-GluA2
0,0.6847320691646368,12,WT,GluA2,NB,25,600,False,c25_t600,WT-GluA2
0,0.7554970939826686,13,WT,GluA2,NB,25,600,False,c25_t600,WT-GluA2
0,0.722023344488625,14,WT,GluA2,NB,25,600,False,c25_t600,WT-GluA2
0,0.6879785868725361,15,WT,GluA2,NB,25,600,False,c25_t600,WT-GluA2
0,0.6504561387101865,16,WT,GluA2,NB,25,600,False,c25_t600,WT-GluA2
0,0.5856571096733737,17,Tg,Veh,NB,25,600,False,c25_t600,Tg-Veh
0,0.7699103912256897,18,Tg,Veh,NB,25,600,False,c25_t600,Tg-Veh
0,0.6472839309144001,19,Tg,Veh,NB,25,600,False,c25_t600,Tg-Veh
0,0.6275421964632195,20,Tg,Veh,NB,25,600,False,c25_t600,Tg-Veh
0,0.5970434114471668,21,Tg,Veh,NB,25,600,False,c25_t600,Tg-Veh
0,0.5588708472645968,22,Tg,Veh,NB,25,600,False,c25_t600,Tg-Veh
0,0.6889657225336219,23,Tg,GluA2,NB,25,600,False,c25_t600,Tg-GluA2
0,0.6815280195750714,24,Tg,GluA2,NB,25,600,False,c25_t600,Tg-GluA2
0,0.7243321310217209,25,Tg,GluA2,NB,25,600,False,c25_t600,Tg-GluA2
0,0.6880329552350277,26,Tg,GluA2,NB,25,600,False,c25_t600,Tg-GluA2
0,0.7166669550738329,27,Tg,GluA2,NB,25,600,False,c25_t600,Tg-GluA2
0,0.6866113425923912,28,Tg,GluA2,NB,25,600,False,c25_t600,Tg-GluA2
0,0.6109358719333144,29,Tg,GluA2,NB,25,600,False,c25_t600,Tg-GluA2
0,0.7860014274726599,0,WT,Veh,QDA,25,600,False,c25_t600,WT-Veh
0,0.7604266639771415,1,WT,Veh,QDA,25,600,False,c25_t600,WT-Veh
0,0.7113819093007265,2,WT,Veh,QDA,25,600,False,c25_t600,WT-Veh
0,0.7424580301839561,3,WT,Veh,QDA,25,600,False,c25_t600,WT-Veh
0,0.7115426144116566,4,WT,Veh,QDA,25,600,False,c25_t600,WT-Veh
0,0.6292539023254674,5,WT,Veh,QDA,25,600,False,c25_t600,WT-Veh
0,0.817639892125912,6,WT,Veh,QDA,25,600,False,c25_t600,WT-Veh
0,0.6772105254789855,7,WT,Veh,QDA,25,600,False,c25_t600,WT-Veh
0,0.6315650452372649,8,WT,Veh,QDA,25,600,False,c25_t600,WT-Veh
0,0.7764063851685081,9,WT,Veh,QDA,25,600,False,c25_t600,WT-Veh
0,0.7076995232273048,10,WT,GluA2,QDA,25,600,False,c25_t600,WT-GluA2
0,0.6722010783861812,11,WT,GluA2,QDA,25,600,False,c25_t600,WT-GluA2
0,0.7467523274779783,12,WT,GluA2,QDA,25,600,False,c25_t600,WT-GluA2
0,0.794486193771401,13,WT,GluA2,QDA,25,600,False,c25_t600,WT-GluA2
0,0.7356216062842773,14,WT,GluA2,QDA,25,600,False,c25_t600,WT-GluA2
0,0.7142409784244528,15,WT,GluA2,QDA,25,600,False,c25_t600,WT-GluA2
0,0.6751237871958681,16,WT,GluA2,QDA,25,600,False,c25_t600,WT-GluA2
0,0.828307225174246,17,Tg,Veh,QDA,25,600,False,c25_t600,Tg-Veh
0,0.5,18,Tg,Veh,QDA,25,600,False,c25_t600,Tg-Veh
0,0.8120411201567919,19,Tg,Veh,QDA,25,600,False,c25_t600,Tg-Veh
0,0.668947507889154,20,Tg,Veh,QDA,25,600,False,c25_t600,Tg-Veh
0,0.6253810713914995,21,Tg,Veh,QDA,25,600,False,c25_t600,Tg-Veh
0,0.6088829245383616,22,Tg,Veh,QDA,25,600,False,c25_t600,Tg-Veh
0,0.5,23,Tg,Veh,QDA,25,600,False,c25_t600,Tg-Veh
0,0.6990159645811915,24,Tg,GluA2,QDA,25,600,False,c25_t600,Tg-GluA2
0,0.6926407695121356,25,Tg,GluA2,QDA,25,600,False,c25_t600,Tg-GluA2
0,0.7381830959426559,26,Tg,GluA2,QDA,25,600,False,c25_t600,Tg-GluA2
0,0.7012208921446013,27,Tg,GluA2,QDA,25,600,False,c25_t600,Tg-GluA2
0,0.7492032228389087,28,Tg,GluA2,QDA,25,600,False,c25_t600,Tg-GluA2
0,0.6946608887994374,29,Tg,GluA2,QDA,25,600,False,c25_t600,Tg-GluA2
0,0.6934782608695652,30,Tg,GluA2,QDA,25,600,False,c25_t600,Tg-GluA2
0,0.9103453154500145,0,WT,Veh,NN,25,600,False,c25_t600,WT-Veh
0,0.9255299141476949,1,WT,Veh,NN,25,600,False,c25_t600,WT-Veh
0,0.6637112980559319,2,WT,Veh,NN,25,600,False,c25_t600,WT-Veh
0,0.9525349077718626,3,WT,Veh,NN,25,600,False,c25_t600,WT-Veh
0,0.8706913545090316,4,WT,Veh,NN,25,600,False,c25_t600,WT-Veh
0,0.758163456590458,5,WT,Veh,NN,25,600,False,c25_t600,WT-Veh
0,0.9647349329856456,6,WT,Veh,NN,25,600,False,c25_t600,WT-Veh
0,0.8268450598409822,7,WT,Veh,NN,25,600,False,c25_t600,WT-Veh
0,0.7944760773013035,8,WT,Veh,NN,25,600,False,c25_t600,WT-Veh
0,0.9203823827134919,9,WT,Veh,NN,25,600,False,c25_t600,WT-Veh
0,0.8029466752058791,10,WT,GluA2,NN,25,600,False,c25_t600,WT-GluA2
0,0.5090756083359615,11,WT,GluA2,NN,25,600,False,c25_t600,WT-GluA2
0,0.9445468894780301,12,WT,GluA2,NN,25,600,False,c25_t600,WT-GluA2
0,0.962615085831598,13,WT,GluA2,NN,25,600,False,c25_t600,WT-GluA2
0,0.8087695363363223,14,WT,GluA2,NN,25,600,False,c25_t600,WT-GluA2
0,0.7852617634660575,15,WT,GluA2,NN,25,600,False,c25_t600,WT-GluA2
0,0.7385262751470192,16,WT,GluA2,NN,25,600,False,c25_t600,WT-GluA2
0,0.5498192973263888,17,Tg,Veh,NN,25,600,False,c25_t600,Tg-Veh
0,0.8657116877732549,18,Tg,Veh,NN,25,600,False,c25_t600,Tg-Veh
0,0.7890005857309543,19,Tg,Veh,NN,25,600,False,c25_t600,Tg-Veh
0,0.5726457489470609,20,Tg,Veh,NN,25,600,False,c25_t600,Tg-Veh
0,0.7077534540168993,21,Tg,Veh,NN,25,600,False,c25_t600,Tg-Veh
0,0.5,22,Tg,Veh,NN,25,600,False,c25_t600,Tg-Veh
0,0.6489339499147972,23,Tg,GluA2,NN,25,600,False,c25_t600,Tg-GluA2
0,0.7278582131272617,24,Tg,GluA2,NN,25,600,False,c25_t600,Tg-GluA2
0,0.8350032926650063,25,Tg,GluA2,NN,25,600,False,c25_t600,Tg-GluA2
0,0.7205336352969014,26,Tg,GluA2,NN,25,600,False,c25_t600,Tg-GluA2
0,0.8476497925595204,27,Tg,GluA2,NN,25,600,False,c25_t600,Tg-GluA2
0,0.8896938366032092,28,Tg,GluA2,NN,25,600,False,c25_t600,Tg-GluA2
0,0.9060244387610117,29,Tg,GluA2,NN,25,600,False,c25_t600,Tg-GluA2
0,0.9324544677353099,0,WT,Veh,SVM,25,600,False,c25_t600,WT-Veh
0,0.9301262522704761,1,WT,Veh,SVM,25,600,False,c25_t600,WT-Veh
0,0.6404683297392044,2,WT,Veh,SVM,25,600,False,c25_t600,WT-Veh
0,0.9500220851158506,3,WT,Veh,SVM,25,600,False,c25_t600,WT-Veh
0,0.8689483145267505,4,WT,Veh,SVM,25,600,False,c25_t600,WT-Veh
0,0.7700245043985396,5,WT,Veh,SVM,25,600,False,c25_t600,WT-Veh
0,0.9519134987974677,6,WT,Veh,SVM,25,600,False,c25_t600,WT-Veh
0,0.8295612960957778,7,WT,Veh,SVM,25,600,False,c25_t600,WT-Veh
0,0.7896852513207682,8,WT,Veh,SVM,25,600,False,c25_t600,WT-Veh
0,0.9237036091092243,9,WT,Veh,SVM,25,600,False,c25_t600,WT-Veh
0,0.8065291012478895,10,WT,GluA2,SVM,25,600,False,c25_t600,WT-GluA2
0,0.5062760802057303,11,WT,GluA2,SVM,25,600,False,c25_t600,WT-GluA2
0,0.9458253878588108,12,WT,GluA2,SVM,25,600,False,c25_t600,WT-GluA2
0,0.9570868132983609,13,WT,GluA2,SVM,25,600,False,c25_t600,WT-GluA2
0,0.8088272173571676,14,WT,GluA2,SVM,25,600,False,c25_t600,WT-GluA2
0,0.7953589243114292,15,WT,GluA2,SVM,25,600,False,c25_t600,WT-GluA2
0,0.7390856110036288,16,WT,GluA2,SVM,25,600,False,c25_t600,WT-GluA2
0,0.515881678119473,17,Tg,Veh,SVM,25,600,False,c25_t600,Tg-Veh
0,0.8651519862807175,18,Tg,Veh,SVM,25,600,False,c25_t600,Tg-Veh
0,0.7847669748140131,19,Tg,Veh,SVM,25,600,False,c25_t600,Tg-Veh
0,0.5594492663360987,20,Tg,Veh,SVM,25,600,False,c25_t600,Tg-Veh
0,0.7052705095133407,21,Tg,Veh,SVM,25,600,False,c25_t600,Tg-Veh
0,0.5,22,Tg,Veh,SVM,25,600,False,c25_t600,Tg-Veh
0,0.5730422302607133,23,Tg,GluA2,SVM,25,600,False,c25_t600,Tg-GluA2
0,0.7260004609650985,24,Tg,GluA2,SVM,25,600,False,c25_t600,Tg-GluA2
0,0.8457911799587148,25,Tg,GluA2,SVM,25,600,False,c25_t600,Tg-GluA2
0,0.6933108953155407,26,Tg,GluA2,SVM,25,600,False,c25_t600,Tg-GluA2
0,0.8395373501136678,27,Tg,GluA2,SVM,25,600,False,c25_t600,Tg-GluA2
0,0.8890195369592597,28,Tg,GluA2,SVM,25,600,False,c25_t600,Tg-GluA2
0,0.8971061854693568,29,Tg,GluA2,SVM,25,600,False,c25_t600,Tg-GluA2
0,0.5635848412568139,0,WT,Veh,LDA,25,,False,c25,WT-Veh
0,0.6338689199051182,1,WT,Veh,LDA,25,,False,c25,WT-Veh
0,0.5166007983997307,2,WT,Veh,LDA,25,,False,c25,WT-Veh
0,0.6727248828825856,3,WT,Veh,LDA,25,,False,c25,WT-Veh
0,0.6986288201489497,4,WT,Veh,LDA,25,,False,c25,WT-Veh
0,0.6251871523438457,5,WT,Veh,LDA,25,,False,c25,WT-Veh
0,0.5265040780812497,6,WT,Veh,LDA,25,,False,c25,WT-Veh
0,0.6688877328378038,7,WT,Veh,LDA,25,,False,c25,WT-Veh
0,0.603873823828484,8,WT,Veh,LDA,25,,False,c25,WT-Veh
0,0.6090025769235531,9,WT,Veh,LDA,25,,False,c25,WT-Veh
0,0.6332440597486108,10,WT,GluA2,LDA,25,,False,c25,WT-GluA2
0,0.4991804446978335,11,WT,GluA2,LDA,25,,False,c25,WT-GluA2
0,0.5664722858576943,12,WT,GluA2,LDA,25,,False,c25,WT-GluA2
0,0.5236880988724425,13,WT,GluA2,LDA,25,,False,c25,WT-GluA2
0,0.7536122544961268,14,WT,GluA2,LDA,25,,False,c25,WT-GluA2
0,0.6684572746706774,15,WT,GluA2,LDA,25,,False,c25,WT-GluA2
0,0.6046036992419758,16,WT,GluA2,LDA,25,,False,c25,WT-GluA2
0,0.4997853340202645,17,Tg,Veh,LDA,25,,False,c25,Tg-Veh
0,0.5025252525252525,18,Tg,Veh,LDA,25,,False,c25,Tg-Veh
0,0.5007534317014829,19,Tg,Veh,LDA,25,,False,c25,Tg-Veh
0,0.501759531014795,20,Tg,Veh,LDA,25,,False,c25,Tg-Veh
0,0.626574962886665,21,Tg,Veh,LDA,25,,False,c25,Tg-Veh
0,0.5,22,Tg,Veh,LDA,25,,False,c25,Tg-Veh
0,0.4988794433355245,23,Tg,GluA2,LDA,25,,False,c25,Tg-GluA2
0,0.5221320022362123,24,Tg,GluA2,LDA,25,,False,c25,Tg-GluA2
0,0.5187005483247714,25,Tg,GluA2,LDA,25,,False,c25,Tg-GluA2
0,0.6871594499627375,26,Tg,GluA2,LDA,25,,False,c25,Tg-GluA2
0,0.5542708493246246,27,Tg,GluA2,LDA,25,,False,c25,Tg-GluA2
0,0.6405838692445768,28,Tg,GluA2,LDA,25,,False,c25,Tg-GluA2
0,0.5176233778535569,29,Tg,GluA2,LDA,25,,False,c25,Tg-GluA2
0,0.7384347891249874,0,WT,Veh,NB,25,,False,c25,WT-Veh
0,0.7072484921374207,1,WT,Veh,NB,25,,False,c25,WT-Veh
0,0.6750221922277758,2,WT,Veh,NB,25,,False,c25,WT-Veh
0,0.7326060718384526,3,WT,Veh,NB,25,,False,c25,WT-Veh
0,0.7032062356379802,4,WT,Veh,NB,25,,False,c25,WT-Veh
0,0.6204578646867113,5,WT,Veh,NB,25,,False,c25,WT-Veh
0,0.7435397257611662,6,WT,Veh,NB,25,,False,c25,WT-Veh
0,0.6554687769557874,7,WT,Veh,NB,25,,False,c25,WT-Veh
0,0.6088304198314867,8,WT,Veh,NB,25,,False,c25,WT-Veh
0,0.7493478305672507,9,WT,Veh,NB,25,,False,c25,WT-Veh
0,0.6896664208408536,10,WT,GluA2,NB,25,,False,c25,WT-GluA2
0,0.620272811082268,11,WT,GluA2,NB,25,,False,c25,WT-GluA2
0,0.6856140217236285,12,WT,GluA2,NB,25,,False,c25,WT-GluA2
0,0.7543315115198468,13,WT,GluA2,NB,25,,False,c25,WT-GluA2
0,0.7218482802582431,14,WT,GluA2,NB,25,,False,c25,WT-GluA2
0,0.6873812481164465,15,WT,GluA2,NB,25,,False,c25,WT-GluA2
0,0.6521661927881651,16,WT,GluA2,NB,25,,False,c25,WT-GluA2
0,0.5853082603469002,17,Tg,Veh,NB,25,,False,c25,Tg-Veh
0,0.7695372568973315,18,Tg,Veh,NB,25,,False,c25,Tg-Veh
0,0.6469789598866476,19,Tg,Veh,NB,25,,False,c25,Tg-Veh
0,0.6297538154667324,20,Tg,Veh,NB,25,,False,c25,Tg-Veh
0,0.5972856407126668,21,Tg,Veh,NB,25,,False,c25,Tg-Veh
0,0.5576378952869043,22,Tg,Veh,NB,25,,False,c25,Tg-Veh
0,0.6886998294337938,23,Tg,GluA2,NB,25,,False,c25,Tg-GluA2
0,0.6804701916484142,24,Tg,GluA2,NB,25,,False,c25,Tg-GluA2
0,0.7235354211589866,25,Tg,GluA2,NB,25,,False,c25,Tg-GluA2
0,0.6889132208857062,26,Tg,GluA2,NB,25,,False,c25,Tg-GluA2
0,0.7182833241751974,27,Tg,GluA2,NB,25,,False,c25,Tg-GluA2
0,0.6887319530482452,28,Tg,GluA2,NB,25,,False,c25,Tg-GluA2
0,0.6133158094155536,29,Tg,GluA2,NB,25,,False,c25,Tg-GluA2
0,0.785773601126777,0,WT,Veh,QDA,25,,False,c25,WT-Veh
0,0.7608376570303647,1,WT,Veh,QDA,25,,False,c25,WT-Veh
0,0.7086719708259672,2,WT,Veh,QDA,25,,False,c25,WT-Veh
0,0.7429736305958692,3,WT,Veh,QDA,25,,False,c25,WT-Veh
0,0.7119250742573279,4,WT,Veh,QDA,25,,False,c25,WT-Veh
0,0.6288167438555221,5,WT,Veh,QDA,25,,False,c25,WT-Veh
0,0.8179777757369013,6,WT,Veh,QDA,25,,False,c25,WT-Veh
0,0.6773661701540508,7,WT,Veh,QDA,25,,False,c25,WT-Veh
0,0.6315524859059316,8,WT,Veh,QDA,25,,False,c25,WT-Veh
0,0.776335418352893,9,WT,Veh,QDA,25,,False,c25,WT-Veh
0,0.7078395792497137,10,WT,GluA2,QDA,25,,False,c25,WT-GluA2
0,0.6708573412746548,11,WT,GluA2,QDA,25,,False,c25,WT-GluA2
0,0.7466588059171225,12,WT,GluA2,QDA,25,,False,c25,WT-GluA2
0,0.7952002470399715,13,WT,GluA2,QDA,25,,False,c25,WT-GluA2
0,0.7357052515382253,14,WT,GluA2,QDA,25,,False,c25,WT-GluA2
0,0.714390723857217,15,WT,GluA2,QDA,25,,False,c25,WT-GluA2
0,0.6736807201690175,16,WT,GluA2,QDA,25,,False,c25,WT-GluA2
0,0.8538058105030708,17,Tg,Veh,QDA,25,,False,c25,Tg-Veh
0,0.5,18,Tg,Veh,QDA,25,,False,c25,Tg-Veh
0,0.8089561661390019,19,Tg,Veh,QDA,25,,False,c25,Tg-Veh
0,0.6709800187336172,20,Tg,Veh,QDA,25,,False,c25,Tg-Veh
0,0.6200902731120954,21,Tg,Veh,QDA,25,,False,c25,Tg-Veh
0,0.6081562367418614,22,Tg,Veh,QDA,25,,False,c25,Tg-Veh
0,0.5,23,Tg,Veh,QDA,25,,False,c25,Tg-Veh
0,0.6980682434522443,24,Tg,GluA2,QDA,25,,False,c25,Tg-GluA2
0,0.6932771936792698,25,Tg,GluA2,QDA,25,,False,c25,Tg-GluA2
0,0.738098665007161,26,Tg,GluA2,QDA,25,,False,c25,Tg-GluA2
0,0.700572942068386,27,Tg,GluA2,QDA,25,,False,c25,Tg-GluA2
0,0.7482982446540912,28,Tg,GluA2,QDA,25,,False,c25,Tg-GluA2
0,0.6942912850146947,29,Tg,GluA2,QDA,25,,False,c25,Tg-GluA2
0,0.695881879321777,30,Tg,GluA2,QDA,25,,False,c25,Tg-GluA2
0,0.9195459361022457,0,WT,Veh,NN,25,,False,c25,WT-Veh
0,0.9225688707134505,1,WT,Veh,NN,25,,False,c25,WT-Veh
0,0.6579340611805745,2,WT,Veh,NN,25,,False,c25,WT-Veh
0,0.9537451291976882,3,WT,Veh,NN,25,,False,c25,WT-Veh
0,0.8692245596965634,4,WT,Veh,NN,25,,False,c25,WT-Veh
0,0.7565222744982725,5,WT,Veh,NN,25,,False,c25,WT-Veh
0,0.9616151475910091,6,WT,Veh,NN,25,,False,c25,WT-Veh
0,0.8254628948834217,7,WT,Veh,NN,25,,False,c25,WT-Veh
0,0.7929393674936625,8,WT,Veh,NN,25,,False,c25,WT-Veh
0,0.9195068795632271,9,WT,Veh,NN,25,,False,c25,WT-Veh
0,0.8168206312548114,10,WT,GluA2,NN,25,,False,c25,WT-GluA2
0,0.5,11,WT,GluA2,NN,25,,False,c25,WT-GluA2
0,0.940062113954777,12,WT,GluA2,NN,25,,False,c25,WT-GluA2
0,0.9642311796905025,13,WT,GluA2,NN,25,,False,c25,WT-GluA2
0,0.8131132592497581,14,WT,GluA2,NN,25,,False,c25,WT-GluA2
0,0.7859298909721811,15,WT,GluA2,NN,25,,False,c25,WT-GluA2
0,0.7364287572868016,16,WT,GluA2,NN,25,,False,c25,WT-GluA2
0,0.5419507968236917,17,Tg,Veh,NN,25,,False,c25,Tg-Veh
0,0.8582042439318558,18,Tg,Veh,NN,25,,False,c25,Tg-Veh
0,0.7876623115560031,19,Tg,Veh,NN,25,,False,c25,Tg-Veh
0,0.5836798137199769,20,Tg,Veh,NN,25,,False,c25,Tg-Veh
0,0.7025389075558439,21,Tg,Veh,NN,25,,False,c25,Tg-Veh
0,0.5,22,Tg,Veh,NN,25,,False,c25,Tg-Veh
0,0.6349792941271213,23,Tg,GluA2,NN,25,,False,c25,Tg-GluA2
0,0.7384768993187477,24,Tg,GluA2,NN,25,,False,c25,Tg-GluA2
0,0.8317451325746464,25,Tg,GluA2,NN,25,,False,c25,Tg-GluA2
0,0.7227619525904321,26,Tg,GluA2,NN,25,,False,c25,Tg-GluA2
0,0.84036936450786,27,Tg,GluA2,NN,25,,False,c25,Tg-GluA2
0,0.8871274483978107,28,Tg,GluA2,NN,25,,False,c25,Tg-GluA2
0,0.8969427867765464,29,Tg,GluA2,NN,25,,False,c25,Tg-GluA2
0,0.927607157936732,0,WT,Veh,SVM,25,,False,c25,WT-Veh
0,0.9294149236292224,1,WT,Veh,SVM,25,,False,c25,WT-Veh
0,0.6489346863218963,2,WT,Veh,SVM,25,,False,c25,WT-Veh
0,0.9492991139835909,3,WT,Veh,SVM,25,,False,c25,WT-Veh
0,0.873060370910903,4,WT,Veh,SVM,25,,False,c25,WT-Veh
0,0.773574579136955,5,WT,Veh,SVM,25,,False,c25,WT-Veh
0,0.952116577274954,6,WT,Veh,SVM,25,,False,c25,WT-Veh
0,0.8320906498865313,7,WT,Veh,SVM,25,,False,c25,WT-Veh
0,0.7967132164145069,8,WT,Veh,SVM,25,,False,c25,WT-Veh
0,0.9278638865049442,9,WT,Veh,SVM,25,,False,c25,WT-Veh
0,0.8061936783951456,10,WT,GluA2,SVM,25,,False,c25,WT-GluA2
0,0.5041127877920376,11,WT,GluA2,SVM,25,,False,c25,WT-GluA2
0,0.9470025969363325,12,WT,GluA2,SVM,25,,False,c25,WT-GluA2
0,0.9551387476034245,13,WT,GluA2,SVM,25,,False,c25,WT-GluA2
0,0.8110161421347419,14,WT,GluA2,SVM,25,,False,c25,WT-GluA2
0,0.7916309202255851,15,WT,GluA2,SVM,25,,False,c25,WT-GluA2
0,0.7369036603360368,16,WT,GluA2,SVM,25,,False,c25,WT-GluA2
0,0.516107111617002,17,Tg,Veh,SVM,25,,False,c25,Tg-Veh
0,0.8503052917232021,18,Tg,Veh,SVM,25,,False,c25,Tg-Veh
0,0.7926813117174845,19,Tg,Veh,SVM,25,,False,c25,Tg-Veh
0,0.5630093927078094,20,Tg,Veh,SVM,25,,False,c25,Tg-Veh
0,0.7076021268984898,21,Tg,Veh,SVM,25,,False,c25,Tg-Veh
0,0.5,22,Tg,Veh,SVM,25,,False,c25,Tg-Veh
0,0.5706703920150937,23,Tg,GluA2,SVM,25,,False,c25,Tg-GluA2
0,0.7329833091012582,24,Tg,GluA2,SVM,25,,False,c25,Tg-GluA2
0,0.8407101070825089,25,Tg,GluA2,SVM,25,,False,c25,Tg-GluA2
0,0.6912376804175983,26,Tg,GluA2,SVM,25,,False,c25,Tg-GluA2
0,0.8420977290400817,27,Tg,GluA2,SVM,25,,False,c25,Tg-GluA2
0,0.8914404767128948,28,Tg,GluA2,SVM,25,,False,c25,Tg-GluA2
0,0.8943307757885763,29,Tg,GluA2,SVM,25,,False,c25,Tg-GluA2
0,0.5044851380224734,0,WT,Veh,LDA,10,,False,c10,WT-Veh
0,0.5705718222135109,1,WT,Veh,LDA,10,,False,c10,WT-Veh
0,0.5,2,WT,Veh,LDA,10,,False,c10,WT-Veh
0,0.620869594226931,3,WT,Veh,LDA,10,,False,c10,WT-Veh
0,0.6495068364203025,4,WT,Veh,LDA,10,,False,c10,WT-Veh
0,0.5903864343649685,5,WT,Veh,LDA,10,,False,c10,WT-Veh
0,0.4983768051046681,6,WT,Veh,LDA,10,,False,c10,WT-Veh
0,0.6238172604518443,7,WT,Veh,LDA,10,,False,c10,WT-Veh
0,0.5477691865814263,8,WT,Veh,LDA,10,,False,c10,WT-Veh
0,0.5731365758509751,9,WT,Veh,LDA,10,,False,c10,WT-Veh
0,0.6154758670211734,10,WT,GluA2,LDA,10,,False,c10,WT-GluA2
0,0.49942987457240595,11,WT,GluA2,LDA,10,,False,c10,WT-GluA2
0,0.5182740409724028,12,WT,GluA2,LDA,10,,False,c10,WT-GluA2
0,0.5051029007519221,13,WT,GluA2,LDA,10,,False,c10,WT-GluA2
0,0.6807034441477473,14,WT,GluA2,LDA,10,,False,c10,WT-GluA2
0,0.655946067234291,15,WT,GluA2,LDA,10,,False,c10,WT-GluA2
0,0.5514691778767301,16,WT,GluA2,LDA,10,,False,c10,WT-GluA2
0,0.4997853340202645,17,Tg,Veh,LDA,10,,False,c10,Tg-Veh
0,0.49990671641791046,18,Tg,Veh,LDA,10,,False,c10,Tg-Veh
0,0.5,19,Tg,Veh,LDA,10,,False,c10,Tg-Veh
0,0.49996300406955235,20,Tg,Veh,LDA,10,,False,c10,Tg-Veh
0,0.5865586579757559,21,Tg,Veh,LDA,10,,False,c10,Tg-Veh
0,0.5,22,Tg,Veh,LDA,10,,False,c10,Tg-Veh
0,0.49851257261163506,23,Tg,GluA2,LDA,10,,False,c10,Tg-GluA2
0,0.4998236953455571,24,Tg,GluA2,LDA,10,,False,c10,Tg-GluA2
0,0.4804498133150431,25,Tg,GluA2,LDA,10,,False,c10,Tg-GluA2
0,0.6857867873233248,26,Tg,GluA2,LDA,10,,False,c10,Tg-GluA2
0,0.5299199877960266,27,Tg,GluA2,LDA,10,,False,c10,Tg-GluA2
0,0.5978790849726017,28,Tg,GluA2,LDA,10,,False,c10,Tg-GluA2
0,0.498399166429857,29,Tg,GluA2,LDA,10,,False,c10,Tg-GluA2
0,0.6982579507044989,0,WT,Veh,NB,10,,False,c10,WT-Veh
0,0.6333167648438474,1,WT,Veh,NB,10,,False,c10,WT-Veh
0,0.6032823967490338,2,WT,Veh,NB,10,,False,c10,WT-Veh
0,0.6961303918423248,3,WT,Veh,NB,10,,False,c10,WT-Veh
0,0.6445461305109617,4,WT,Veh,NB,10,,False,c10,WT-Veh
0,0.6026582984145654,5,WT,Veh,NB,10,,False,c10,WT-Veh
0,0.6790308068639468,6,WT,Veh,NB,10,,False,c10,WT-Veh
0,0.6092999185970268,7,WT,Veh,NB,10,,False,c10,WT-Veh
0,0.5783414922958037,8,WT,Veh,NB,10,,False,c10,WT-Veh
0,0.6674349108792934,9,WT,Veh,NB,10,,False,c10,WT-Veh
0,0.6644555281696974,10,WT,GluA2,NB,10,,False,c10,WT-GluA2
0,0.6219892525291735,11,WT,GluA2,NB,10,,False,c10,WT-GluA2
0,0.618860245227319,12,WT,GluA2,NB,10,,False,c10,WT-GluA2
0,0.7294220209183309,13,WT,GluA2,NB,10,,False,c10,WT-GluA2
0,0.648491159334103,14,WT,GluA2,NB,10,,False,c10,WT-GluA2
0,0.6790201485061602,15,WT,GluA2,NB,10,,False,c10,WT-GluA2
0,0.6081916820567167,16,WT,GluA2,NB,10,,False,c10,WT-GluA2
0,0.5856303277541166,17,Tg,Veh,NB,10,,False,c10,Tg-Veh
0,0.7056709822101613,18,Tg,Veh,NB,10,,False,c10,Tg-Veh
0,0.5101526143435893,19,Tg,Veh,NB,10,,False,c10,Tg-Veh
0,0.514096970402115,20,Tg,Veh,NB,10,,False,c10,Tg-Veh
0,0.5598846253613966,21,Tg,Veh,NB,10,,False,c10,Tg-Veh
0,0.5593868431366298,22,Tg,Veh,NB,10,,False,c10,Tg-Veh
0,0.683657663336861,23,Tg,GluA2,NB,10,,False,c10,Tg-GluA2
0,0.585771157404119,24,Tg,GluA2,NB,10,,False,c10,Tg-GluA2
0,0.6821449903169302,25,Tg,GluA2,NB,10,,False,c10,Tg-GluA2
0,0.6882657215013834,26,Tg,GluA2,NB,10,,False,c10,Tg-GluA2
0,0.7113794849892288,27,Tg,GluA2,NB,10,,False,c10,Tg-GluA2
0,0.6390759293130469,28,Tg,GluA2,NB,10,,False,c10,Tg-GluA2
0,0.5412451454011556,29,Tg,GluA2,NB,10,,False,c10,Tg-GluA2
0,0.705494709018329,0,WT,Veh,QDA,10,,False,c10,WT-Veh
0,0.6398012637596326,1,WT,Veh,QDA,10,,False,c10,WT-Veh
0,0.5545747795668424,2,WT,Veh,QDA,10,,False,c10,WT-Veh
0,0.7099500350002762,3,WT,Veh,QDA,10,,False,c10,WT-Veh
0,0.6756305050289316,4,WT,Veh,QDA,10,,False,c10,WT-Veh
0,0.6089267686049646,5,WT,Veh,QDA,10,,False,c10,WT-Veh
0,0.7405302535125721,6,WT,Veh,QDA,10,,False,c10,WT-Veh
0,0.627866133110717,7,WT,Veh,QDA,10,,False,c10,WT-Veh
0,0.5960057644043038,8,WT,Veh,QDA,10,,False,c10,WT-Veh
0,0.6834401824843337,9,WT,Veh,QDA,10,,False,c10,WT-Veh
0,0.6768304319418299,10,WT,GluA2,QDA,10,,False,c10,WT-GluA2
0,0.6422628217569568,11,WT,GluA2,QDA,10,,False,c10,WT-GluA2
0,0.6394969556519936,12,WT,GluA2,QDA,10,,False,c10,WT-GluA2
0,0.7517541072905833,13,WT,GluA2,QDA,10,,False,c10,WT-GluA2
0,0.6704015516350081,14,WT,GluA2,QDA,10,,False,c10,WT-GluA2
0,0.7035604675812874,15,WT,GluA2,QDA,10,,False,c10,WT-GluA2
0,0.6211499261284318,16,WT,GluA2,QDA,10,,False,c10,WT-GluA2
0,0.5,17,Tg,Veh,QDA,10,,False,c10,Tg-Veh
0,0.7209807967737072,18,Tg,Veh,QDA,10,,False,c10,Tg-Veh
0,0.5266463993094728,19,Tg,Veh,QDA,10,,False,c10,Tg-Veh
0,0.5230999471866933,20,Tg,Veh,QDA,10,,False,c10,Tg-Veh
0,0.5677121169839545,21,Tg,Veh,QDA,10,,False,c10,Tg-Veh
0,0.5,22,Tg,Veh,QDA,10,,False,c10,Tg-Veh
0,0.6972870318522963,23,Tg,GluA2,QDA,10,,False,c10,Tg-GluA2
0,0.5861446043648659,24,Tg,GluA2,QDA,10,,False,c10,Tg-GluA2
0,0.6970956638497451,25,Tg,GluA2,QDA,10,,False,c10,Tg-GluA2
0,0.7005469789961482,26,Tg,GluA2,QDA,10,,False,c10,Tg-GluA2
0,0.7166093139209209,27,Tg,GluA2,QDA,10,,False,c10,Tg-GluA2
0,0.6586635935190656,28,Tg,GluA2,QDA,10,,False,c10,Tg-GluA2
0,0.5573766221464431,29,Tg,GluA2,QDA,10,,False,c10,Tg-GluA2
0,0.7775714329647591,0,WT,Veh,NN,10,,False,c10,WT-Veh
0,0.7704226487191612,1,WT,Veh,NN,10,,False,c10,WT-Veh
0,0.5389201074017079,2,WT,Veh,NN,10,,False,c10,WT-Veh
0,0.9275293464923104,3,WT,Veh,NN,10,,False,c10,WT-Veh
0,0.808872277396109,4,WT,Veh,NN,10,,False,c10,WT-Veh
0,0.676023119900022,5,WT,Veh,NN,10,,False,c10,WT-Veh
0,0.8987842715322377,6,WT,Veh,NN,10,,False,c10,WT-Veh
0,0.7293854507639339,7,WT,Veh,NN,10,,False,c10,WT-Veh
0,0.6877865302946853,8,WT,Veh,NN,10,,False,c10,WT-Veh
0,0.8449979471232584,9,WT,Veh,NN,10,,False,c10,WT-Veh
0,0.7428505120292921,10,WT,GluA2,NN,10,,False,c10,WT-GluA2
0,0.5,11,WT,GluA2,NN,10,,False,c10,WT-GluA2
0,0.8639144104667273,12,WT,GluA2,NN,10,,False,c10,WT-GluA2
0,0.9318222468423829,13,WT,GluA2,NN,10,,False,c10,WT-GluA2
0,0.7354103942443359,14,WT,GluA2,NN,10,,False,c10,WT-GluA2
0,0.7559749366515796,15,WT,GluA2,NN,10,,False,c10,WT-GluA2
0,0.6627776179931267,16,WT,GluA2,NN,10,,False,c10,WT-GluA2
0,0.5378877469845019,17,Tg,Veh,NN,10,,False,c10,Tg-Veh
0,0.6098649743705714,18,Tg,Veh,NN,10,,False,c10,Tg-Veh
0,0.5733950927429556,19,Tg,Veh,NN,10,,False,c10,Tg-Veh
0,0.5206208396213107,20,Tg,Veh,NN,10,,False,c10,Tg-Veh
0,0.6178038132013816,21,Tg,Veh,NN,10,,False,c10,Tg-Veh
0,0.5,22,Tg,Veh,NN,10,,False,c10,Tg-Veh
0,0.6273411684103936,23,Tg,GluA2,NN,10,,False,c10,Tg-GluA2
0,0.6452366215027172,24,Tg,GluA2,NN,10,,False,c10,Tg-GluA2
0,0.8023262569802895,25,Tg,GluA2,NN,10,,False,c10,Tg-GluA2
0,0.7189541694633708,26,Tg,GluA2,NN,10,,False,c10,Tg-GluA2
0,0.7557293614220646,27,Tg,GluA2,NN,10,,False,c10,Tg-GluA2
0,0.8004772636099038,28,Tg,GluA2,NN,10,,False,c10,Tg-GluA2
0,0.7456261248460737,29,Tg,GluA2,NN,10,,False,c10,Tg-GluA2
0,0.7819966668902578,0,WT,Veh,SVM,10,,False,c10,WT-Veh
0,0.780908704261026,1,WT,Veh,SVM,10,,False,c10,WT-Veh
0,0.5105295542644064,2,WT,Veh,SVM,10,,False,c10,WT-Veh
0,0.895431675917773,3,WT,Veh,SVM,10,,False,c10,WT-Veh
0,0.8072362826643252,4,WT,Veh,SVM,10,,False,c10,WT-Veh
0,0.6814081452620745,5,WT,Veh,SVM,10,,False,c10,WT-Veh
0,0.8672144965053615,6,WT,Veh,SVM,10,,False,c10,WT-Veh
0,0.7470167416736448,7,WT,Veh,SVM,10,,False,c10,WT-Veh
0,0.6996516133546066,8,WT,Veh,SVM,10,,False,c10,WT-Veh
0,0.8378821650464892,9,WT,Veh,SVM,10,,False,c10,WT-Veh
0,0.7422998298626611,10,WT,GluA2,SVM,10,,False,c10,WT-GluA2
0,0.5010638297872341,11,WT,GluA2,SVM,10,,False,c10,WT-GluA2
0,0.845789952549691,12,WT,GluA2,SVM,10,,False,c10,WT-GluA2
0,0.9000929996113368,13,WT,GluA2,SVM,10,,False,c10,WT-GluA2
0,0.7348917314800779,14,WT,GluA2,SVM,10,,False,c10,WT-GluA2
0,0.7676731531318388,15,WT,GluA2,SVM,10,,False,c10,WT-GluA2
0,0.638813481059002,16,WT,GluA2,SVM,10,,False,c10,WT-GluA2
0,0.5165096616572159,17,Tg,Veh,SVM,10,,False,c10,Tg-Veh
0,0.5505333182571989,18,Tg,Veh,SVM,10,,False,c10,Tg-Veh
0,0.557605484325311,19,Tg,Veh,SVM,10,,False,c10,Tg-Veh
0,0.5030832476875642,20,Tg,Veh,SVM,10,,False,c10,Tg-Veh
0,0.632970632253927,21,Tg,Veh,SVM,10,,False,c10,Tg-Veh
0,0.5,22,Tg,Veh,SVM,10,,False,c10,Tg-Veh
0,0.5557942855978069,23,Tg,GluA2,SVM,10,,False,c10,Tg-GluA2
0,0.6229054837935012,24,Tg,GluA2,SVM,10,,False,c10,Tg-GluA2
0,0.8046862674710415,25,Tg,GluA2,SVM,10,,False,c10,Tg-GluA2
0,0.6864227457759707,26,Tg,GluA2,SVM,10,,False,c10,Tg-GluA2
0,0.732884637842449,27,Tg,GluA2,SVM,10,,False,c10,Tg-GluA2
0,0.7989727267992004,28,Tg,GluA2,SVM,10,,False,c10,Tg-GluA2
0,0.6912427773041584,29,Tg,GluA2,SVM,10,,False,c10,Tg-GluA2
0,0.6693344593777345,0,WT,Veh,LDA,100,,False,c100,WT-Veh
0,0.6987533385157437,1,WT,Veh,LDA,100,,False,c100,WT-Veh
0,0.5494140673568089,2,WT,Veh,LDA,100,,False,c100,WT-Veh
0,0.7352705326570464,3,WT,Veh,LDA,100,,False,c100,WT-Veh
0,0.7643795014179096,4,WT,Veh,LDA,100,,False,c100,WT-Veh
0,0.6718208605944767,5,WT,Veh,LDA,100,,False,c100,WT-Veh
0,0.5907333341945578,6,WT,Veh,LDA,100,,False,c100,WT-Veh
0,0.722161390449074,7,WT,Veh,LDA,100,,False,c100,WT-Veh
0,0.6582485611346165,8,WT,Veh,LDA,100,,False,c100,WT-Veh
0,0.6606119462166526,9,WT,Veh,LDA,100,,False,c100,WT-Veh
0,0.6336236342111903,10,WT,GluA2,LDA,100,,False,c100,WT-GluA2
0,0.4991448118586089,11,WT,GluA2,LDA,100,,False,c100,WT-GluA2
0,0.6345025236314786,12,WT,GluA2,LDA,100,,False,c100,WT-GluA2
0,0.5738470585904337,13,WT,GluA2,LDA,100,,False,c100,WT-GluA2
0,0.7759568091978684,14,WT,GluA2,LDA,100,,False,c100,WT-GluA2
0,0.6767731220561409,15,WT,GluA2,LDA,100,,False,c100,WT-GluA2
0,0.692986557867092,16,WT,GluA2,LDA,100,,False,c100,WT-GluA2
0,0.4999570668040529,17,Tg,Veh,LDA,100,,False,c100,Tg-Veh
0,0.5466304839439168,18,Tg,Veh,LDA,100,,False,c100,Tg-Veh
0,0.6103274062780496,19,Tg,Veh,LDA,100,,False,c100,Tg-Veh
0,0.5061624269634554,20,Tg,Veh,LDA,100,,False,c100,Tg-Veh
0,0.7204912497230207,21,Tg,Veh,LDA,100,,False,c100,Tg-Veh
0,0.5,22,Tg,Veh,LDA,100,,False,c100,Tg-Veh
0,0.49861417781570927,23,Tg,GluA2,LDA,100,,False,c100,Tg-GluA2
0,0.5543506963520459,24,Tg,GluA2,LDA,100,,False,c100,Tg-GluA2
0,0.5726811077363889,25,Tg,GluA2,LDA,100,,False,c100,Tg-GluA2
0,0.6838700268966483,26,Tg,GluA2,LDA,100,,False,c100,Tg-GluA2
0,0.6289056775158031,27,Tg,GluA2,LDA,100,,False,c100,Tg-GluA2
0,0.7039920285546389,28,Tg,GluA2,LDA,100,,False,c100,Tg-GluA2
0,0.566117268163304,29,Tg,GluA2,LDA,100,,False,c100,Tg-GluA2
0,0.777628895111284,0,WT,Veh,NB,100,,False,c100,WT-Veh
0,0.7635782038095473,1,WT,Veh,NB,100,,False,c100,WT-Veh
0,0.7793692954408634,2,WT,Veh,NB,100,,False,c100,WT-Veh
0,0.7686216157130057,3,WT,Veh,NB,100,,False,c100,WT-Veh
0,0.7710383962790257,4,WT,Veh,NB,100,,False,c100,WT-Veh
0,0.6533963096375799,5,WT,Veh,NB,100,,False,c100,WT-Veh
0,0.8164609920238128,6,WT,Veh,NB,100,,False,c100,WT-Veh
0,0.6939317312800705,7,WT,Veh,NB,100,,False,c100,WT-Veh
0,0.651413786174162,8,WT,Veh,NB,100,,False,c100,WT-Veh
0,0.8432390022782422,9,WT,Veh,NB,100,,False,c100,WT-Veh
0,0.6910438540312198,10,WT,GluA2,NB,100,,False,c100,WT-GluA2
0,0.6193107244232029,11,WT,GluA2,NB,100,,False,c100,WT-GluA2
0,0.7685958981505139,12,WT,GluA2,NB,100,,False,c100,WT-GluA2
0,0.8202213901005965,13,WT,GluA2,NB,100,,False,c100,WT-GluA2
0,0.740344686855024,14,WT,GluA2,NB,100,,False,c100,WT-GluA2
0,0.6897985806573965,15,WT,GluA2,NB,100,,False,c100,WT-GluA2
0,0.7221636270520094,16,WT,GluA2,NB,100,,False,c100,WT-GluA2
0,0.6462300547701655,17,Tg,Veh,NB,100,,False,c100,Tg-Veh
0,0.8543767902909694,18,Tg,Veh,NB,100,,False,c100,Tg-Veh
0,0.7715301660326246,19,Tg,Veh,NB,100,,False,c100,Tg-Veh
0,0.6994584449770135,20,Tg,Veh,NB,100,,False,c100,Tg-Veh
0,0.6896866144697765,21,Tg,Veh,NB,100,,False,c100,Tg-Veh
0,0.69400113387827,22,Tg,Veh,NB,100,,False,c100,Tg-Veh
0,0.7079125639460102,23,Tg,GluA2,NB,100,,False,c100,Tg-GluA2
0,0.6914684854977191,24,Tg,GluA2,NB,100,,False,c100,Tg-GluA2
0,0.754465313394868,25,Tg,GluA2,NB,100,,False,c100,Tg-GluA2
0,0.6889908847564734,26,Tg,GluA2,NB,100,,False,c100,Tg-GluA2
0,0.7436307613601165,27,Tg,GluA2,NB,100,,False,c100,Tg-GluA2
0,0.7012449796975095,28,Tg,GluA2,NB,100,,False,c100,Tg-GluA2
0,0.6891114900066306,29,Tg,GluA2,NB,100,,False,c100,Tg-GluA2
0,0.8816862034149303,0,WT,Veh,QDA,100,,False,c100,WT-Veh
0,0.8449172447718392,1,WT,Veh,QDA,100,,False,c100,WT-Veh
0,0.8589344607852492,2,WT,Veh,QDA,100,,False,c100,WT-Veh
0,0.8100833811567925,3,WT,Veh,QDA,100,,False,c100,WT-Veh
0,0.7847266025146635,4,WT,Veh,QDA,100,,False,c100,WT-Veh
0,0.675359847092553,5,WT,Veh,QDA,100,,False,c100,WT-Veh
0,0.9070679422722754,6,WT,Veh,QDA,100,,False,c100,WT-Veh
0,0.7356082030499824,7,WT,Veh,QDA,100,,False,c100,WT-Veh
0,0.6987918580813971,8,WT,Veh,QDA,100,,False,c100,WT-Veh
0,0.8707354456217076,9,WT,Veh,QDA,100,,False,c100,WT-Veh
0,0.7078437841649361,10,WT,GluA2,QDA,100,,False,c100,WT-GluA2
0,0.6633341116960625,11,WT,GluA2,QDA,100,,False,c100,WT-GluA2
0,0.8575549031749367,12,WT,GluA2,QDA,100,,False,c100,WT-GluA2
0,0.8892668840502613,13,WT,GluA2,QDA,100,,False,c100,WT-GluA2
0,0.758104844195167,14,WT,GluA2,QDA,100,,False,c100,WT-GluA2
0,0.7176505739615694,15,WT,GluA2,QDA,100,,False,c100,WT-GluA2
0,0.7646790475025323,16,WT,GluA2,QDA,100,,False,c100,WT-GluA2
0,0.7605755296390864,17,Tg,Veh,QDA,100,,False,c100,Tg-Veh
0,0.6261521928414987,18,Tg,Veh,QDA,100,,False,c100,Tg-Veh
0,0.9412398236092265,19,Tg,Veh,QDA,100,,False,c100,Tg-Veh
0,0.8974233668668192,20,Tg,Veh,QDA,100,,False,c100,Tg-Veh
0,0.7683429663435891,21,Tg,Veh,QDA,100,,False,c100,Tg-Veh
0,0.7136145249833434,22,Tg,Veh,QDA,100,,False,c100,Tg-Veh
0,0.661708855814314,23,Tg,Veh,QDA,100,,False,c100,Tg-Veh
0,0.7270636324461678,24,Tg,GluA2,QDA,100,,False,c100,Tg-GluA2
0,0.7089112308782834,25,Tg,GluA2,QDA,100,,False,c100,Tg-GluA2
0,0.774101125718559,26,Tg,GluA2,QDA,100,,False,c100,Tg-GluA2
0,0.7009617121141152,27,Tg,GluA2,QDA,100,,False,c100,Tg-GluA2
0,0.7630160007006844,28,Tg,GluA2,QDA,100,,False,c100,Tg-GluA2
0,0.7497414249746428,29,Tg,GluA2,QDA,100,,False,c100,Tg-GluA2
0,0.82042246850431,30,Tg,GluA2,QDA,100,,False,c100,Tg-GluA2
0,0.9602936949068315,0,WT,Veh,NN,100,,False,c100,WT-Veh
0,0.9655334060900617,1,WT,Veh,NN,100,,False,c100,WT-Veh
0,0.7977186389846456,2,WT,Veh,NN,100,,False,c100,WT-Veh
0,0.9701154877855829,3,WT,Veh,NN,100,,False,c100,WT-Veh
0,0.9344063764401571,4,WT,Veh,NN,100,,False,c100,WT-Veh
0,0.8121250827023451,5,WT,Veh,NN,100,,False,c100,WT-Veh
0,0.9770048455335985,6,WT,Veh,NN,100,,False,c100,WT-Veh
0,0.8911858009834197,7,WT,Veh,NN,100,,False,c100,WT-Veh
0,0.8535848934521564,8,WT,Veh,NN,100,,False,c100,WT-Veh
0,0.9633632399850803,9,WT,Veh,NN,100,,False,c100,WT-Veh
0,0.8077113293354293,10,WT,GluA2,NN,100,,False,c100,WT-GluA2
0,0.503013325165579,11,WT,GluA2,NN,100,,False,c100,WT-GluA2
0,0.9629178677602661,12,WT,GluA2,NN,100,,False,c100,WT-GluA2
0,0.9802232316367497,13,WT,GluA2,NN,100,,False,c100,WT-GluA2
0,0.8601974525511413,14,WT,GluA2,NN,100,,False,c100,WT-GluA2
0,0.8022135567028215,15,WT,GluA2,NN,100,,False,c100,WT-GluA2
0,0.8648860598831667,16,WT,GluA2,NN,100,,False,c100,WT-GluA2
0,0.6106195465488007,17,Tg,Veh,NN,100,,False,c100,Tg-Veh
0,0.9641833446404342,18,Tg,Veh,NN,100,,False,c100,Tg-Veh
0,0.8936194752321545,19,Tg,Veh,NN,100,,False,c100,Tg-Veh
0,0.652645931455248,20,Tg,Veh,NN,100,,False,c100,Tg-Veh
0,0.7996885731766066,21,Tg,Veh,NN,100,,False,c100,Tg-Veh
0,0.5,22,Tg,Veh,NN,100,,False,c100,Tg-Veh
0,0.6912737358919385,23,Tg,GluA2,NN,100,,False,c100,Tg-GluA2
0,0.7793244952697926,24,Tg,GluA2,NN,100,,False,c100,Tg-GluA2
0,0.8958826816510119,25,Tg,GluA2,NN,100,,False,c100,Tg-GluA2
0,0.7224325451054056,26,Tg,GluA2,NN,100,,False,c100,Tg-GluA2
0,0.9094992088298609,27,Tg,GluA2,NN,100,,False,c100,Tg-GluA2
0,0.9241263334173289,28,Tg,GluA2,NN,100,,False,c100,Tg-GluA2
0,0.9456616463010326,29,Tg,GluA2,NN,100,,False,c100,Tg-GluA2
0,0.9735769896230079,0,WT,Veh,SVM,100,,False,c100,WT-Veh
0,0.9794475024048731,1,WT,Veh,SVM,100,,False,c100,WT-Veh
0,0.8648429715552024,2,WT,Veh,SVM,100,,False,c100,WT-Veh
0,0.9735505276235831,3,WT,Veh,SVM,100,,False,c100,WT-Veh
0,0.9385175824740841,4,WT,Veh,SVM,100,,False,c100,WT-Veh
0,0.8238946678428778,5,WT,Veh,SVM,100,,False,c100,WT-Veh
0,0.9851928850930742,6,WT,Veh,SVM,100,,False,c100,WT-Veh
0,0.9349538027076665,7,WT,Veh,SVM,100,,False,c100,WT-Veh
0,0.8718953464455382,8,WT,Veh,SVM,100,,False,c100,WT-Veh
0,0.9840038671513557,9,WT,Veh,SVM,100,,False,c100,WT-Veh
0,0.8095724895038847,10,WT,GluA2,SVM,100,,False,c100,WT-GluA2
0,0.505247883257721,11,WT,GluA2,SVM,100,,False,c100,WT-GluA2
0,0.9720279892232708,12,WT,GluA2,SVM,100,,False,c100,WT-GluA2
0,0.9834073453543892,13,WT,GluA2,SVM,100,,False,c100,WT-GluA2
0,0.879811720441392,14,WT,GluA2,SVM,100,,False,c100,WT-GluA2
0,0.805721871564422,15,WT,GluA2,SVM,100,,False,c100,WT-GluA2
0,0.8954224015303853,16,WT,GluA2,SVM,100,,False,c100,WT-GluA2
0,0.5829832977548995,17,Tg,Veh,SVM,100,,False,c100,Tg-Veh
0,0.9788901138248154,18,Tg,Veh,SVM,100,,False,c100,Tg-Veh
0,0.9478510926203453,19,Tg,Veh,SVM,100,,False,c100,Tg-Veh
0,0.6854721201633904,20,Tg,Veh,SVM,100,,False,c100,Tg-Veh
0,0.8210341669559351,21,Tg,Veh,SVM,100,,False,c100,Tg-Veh
0,0.4999603080098436,22,Tg,Veh,SVM,100,,False,c100,Tg-Veh
0,0.6546114403618998,23,Tg,GluA2,SVM,100,,False,c100,Tg-GluA2
0,0.78005755782237,24,Tg,GluA2,SVM,100,,False,c100,Tg-GluA2
0,0.9098463259511362,25,Tg,GluA2,SVM,100,,False,c100,Tg-GluA2
0,0.6876908800885931,26,Tg,GluA2,SVM,100,,False,c100,Tg-GluA2
0,0.9189936371901009,27,Tg,GluA2,SVM,100,,False,c100,Tg-GluA2
0,0.9435527767166119,28,Tg,GluA2,SVM,100,,False,c100,Tg-GluA2
0,0.9631405702377569,29,Tg,GluA2,SVM,100,,False,c100,Tg-GluA2
